2026-08-12 12:53:24,663 | WARNING | utils | news:002371 failed (1/3): Invalid regular expression: invalid escape sequence: \u
2026-08-12 12:53:27,141 | WARNING | utils | news:002371 failed (2/3): Invalid regular expression: invalid escape sequence: \u
2026-08-12 12:53:30,992 | WARNING | utils | news:002371 failed (3/3): Invalid regular expression: invalid escape sequence: \u
2026-08-12 12:53:30,992 | ERROR | pipeline | collector failed: 002371 news
Traceback (most recent call last):
  File "/home/runner/work/Repository-name-a-stock-radar/Repository-name-a-stock-radar/pipeline.py", line 47, in run_once
    items = fn()
            ^^^^
  File "/home/runner/work/Repository-name-a-stock-radar/Repository-name-a-stock-radar/pipeline.py", line 28, in <lambda>
    ("news", lambda: collect_news(stock, cutoff, cfg["timezone"])),
                     ^^^^^^^^^^^^^^^^^^^^^^^^^^^^^^^^^^^^^^^^^^^^
  File "/home/runner/work/Repository-name-a-stock-radar/Repository-name-a-stock-radar/collectors/akshare_collectors.py", line 24, in collect_news
    df = safe_call(f"news:{stock.code}", ak.stock_news_em, symbol=stock.code)
         ^^^^^^^^^^^^^^^^^^^^^^^^^^^^^^^^^^^^^^^^^^^^^^^^^^^^^^^^^^^^^^^^^^^^
  File "/home/runner/work/Repository-name-a-stock-radar/Repository-name-a-stock-radar/utils.py", line 84, in safe_call
    raise last
  File "/home/runner/work/Repository-name-a-stock-radar/Repository-name-a-stock-radar/utils.py", line 78, in safe_call
    return fn(*args, **kwargs)
           ^^^^^^^^^^^^^^^^^^^
  File "/opt/hostedtoolcache/Python/3.11.15/x64/lib/python3.11/site-packages/akshare/news/news_stock.py", line 116, in stock_news_em
    temp_df["新闻内容"] = temp_df["新闻内容"].str.replace(r"\u3000", "", regex=True)
                          ^^^^^^^^^^^^^^^^^^^^^^^^^^^^^^^^^^^^^^^^^^^^^^^^^^^^^^^^^^
  File "/opt/hostedtoolcache/Python/3.11.15/x64/lib/python3.11/site-packages/pandas/core/strings/accessor.py", line 142, in wrapper
    return func(self, *args, **kwargs)
           ^^^^^^^^^^^^^^^^^^^^^^^^^^^
  File "/opt/hostedtoolcache/Python/3.11.15/x64/lib/python3.11/site-packages/pandas/core/strings/accessor.py", line 1814, in replace
    result = res_output.array._str_replace(
             ^^^^^^^^^^^^^^^^^^^^^^^^^^^^^^
  File "/opt/hostedtoolcache/Python/3.11.15/x64/lib/python3.11/site-packages/pandas/core/arrays/string_arrow.py", line 488, in _str_replace
    return ArrowStringArrayMixin._str_replace(
           ^^^^^^^^^^^^^^^^^^^^^^^^^^^^^^^^^^^
  File "/opt/hostedtoolcache/Python/3.11.15/x64/lib/python3.11/site-packages/pandas/core/arrays/_arrow_string_mixins.py", line 267, in _str_replace
    result = func(
             ^^^^^
  File "/opt/hostedtoolcache/Python/3.11.15/x64/lib/python3.11/site-packages/pyarrow/compute.py", line 271, in wrapper
    return func.call(args, options, memory_pool)
           ^^^^^^^^^^^^^^^^^^^^^^^^^^^^^^^^^^^^^
  File "pyarrow/_compute.pyx", line 399, in pyarrow._compute.Function.call
  File "pyarrow/error.pxi", line 155, in pyarrow.lib.pyarrow_internal_check_status
  File "pyarrow/error.pxi", line 92, in pyarrow.lib.check_status
pyarrow.lib.ArrowInvalid: Invalid regular expression: invalid escape sequence: \u
2026-08-12 12:53:33,479 | WARNING | utils | announcement:002371 failed (1/3): '代码'
2026-08-12 12:53:35,270 | WARNING | utils | announcement:002371 failed (2/3): '代码'
2026-08-12 12:53:38,331 | WARNING | utils | announcement:002371 failed (3/3): '代码'
2026-08-12 12:53:38,331 | ERROR | pipeline | collector failed: 002371 announcement
Traceback (most recent call last):
  File "/opt/hostedtoolcache/Python/3.11.15/x64/lib/python3.11/site-packages/pandas/core/indexes/base.py", line 3641, in get_loc
    return self._engine.get_loc(casted_key)
           ^^^^^^^^^^^^^^^^^^^^^^^^^^^^^^^^
  File "pandas/_libs/index.pyx", line 168, in pandas._libs.index.IndexEngine.get_loc
  File "pandas/_libs/index.pyx", line 197, in pandas._libs.index.IndexEngine.get_loc
  File "pandas/_libs/hashtable_class_helper.pxi", line 7668, in pandas._libs.hashtable.PyObjectHashTable.get_item
  File "pandas/_libs/hashtable_class_helper.pxi", line 7676, in pandas._libs.hashtable.PyObjectHashTable.get_item
KeyError: '代码'

The above exception was the direct cause of the following exception:

Traceback (most recent call last):
  File "/home/runner/work/Repository-name-a-stock-radar/Repository-name-a-stock-radar/pipeline.py", line 47, in run_once
    items = fn()
            ^^^^
  File "/home/runner/work/Repository-name-a-stock-radar/Repository-name-a-stock-radar/pipeline.py", line 29, in <lambda>
    ("announcement", lambda: collect_announcements(stock, cutoff, cfg["timezone"])),
                             ^^^^^^^^^^^^^^^^^^^^^^^^^^^^^^^^^^^^^^^^^^^^^^^^^^^^^
  File "/home/runner/work/Repository-name-a-stock-radar/Repository-name-a-stock-radar/collectors/akshare_collectors.py", line 48, in collect_announcements
    df = safe_call(
         ^^^^^^^^^^
  File "/home/runner/work/Repository-name-a-stock-radar/Repository-name-a-stock-radar/utils.py", line 84, in safe_call
    raise last
  File "/home/runner/work/Repository-name-a-stock-radar/Repository-name-a-stock-radar/utils.py", line 78, in safe_call
    return fn(*args, **kwargs)
           ^^^^^^^^^^^^^^^^^^^
  File "/opt/hostedtoolcache/Python/3.11.15/x64/lib/python3.11/site-packages/akshare/stock_fundamental/stock_notice.py", line 168, in stock_individual_notice_report
    return _stock_notice_report(
           ^^^^^^^^^^^^^^^^^^^^^
  File "/opt/hostedtoolcache/Python/3.11.15/x64/lib/python3.11/site-packages/akshare/stock_fundamental/stock_notice.py", line 118, in _stock_notice_report
    big_df["网址"] = url + big_df["代码"] + "/" + big_df["编码"] + ".html"
                           ~~~~~~^^^^^^^^
  File "/opt/hostedtoolcache/Python/3.11.15/x64/lib/python3.11/site-packages/pandas/core/frame.py", line 4378, in __getitem__
    indexer = self.columns.get_loc(key)
              ^^^^^^^^^^^^^^^^^^^^^^^^^
  File "/opt/hostedtoolcache/Python/3.11.15/x64/lib/python3.11/site-packages/pandas/core/indexes/base.py", line 3648, in get_loc
    raise KeyError(key) from err
KeyError: '代码'
2026-08-12 12:53:39,969 | WARNING | utils | fund_flow:002371 failed (1/3): ('Connection aborted.', RemoteDisconnected('Remote end closed connection without response'))
2026-08-12 12:53:41,699 | WARNING | utils | fund_flow:002371 failed (2/3): ('Connection aborted.', RemoteDisconnected('Remote end closed connection without response'))
2026-08-12 12:53:44,637 | WARNING | utils | fund_flow:002371 failed (3/3): ('Connection aborted.', RemoteDisconnected('Remote end closed connection without response'))
2026-08-12 12:53:44,638 | ERROR | pipeline | collector failed: 002371 fund_flow
Traceback (most recent call last):
  File "/opt/hostedtoolcache/Python/3.11.15/x64/lib/python3.11/site-packages/urllib3/connectionpool.py", line 788, in urlopen
    response = self._make_request(
               ^^^^^^^^^^^^^^^^^^^
  File "/opt/hostedtoolcache/Python/3.11.15/x64/lib/python3.11/site-packages/urllib3/connectionpool.py", line 534, in _make_request
    response = conn.getresponse()
               ^^^^^^^^^^^^^^^^^^
  File "/opt/hostedtoolcache/Python/3.11.15/x64/lib/python3.11/site-packages/urllib3/connection.py", line 571, in getresponse
    httplib_response = super().getresponse()
                       ^^^^^^^^^^^^^^^^^^^^^
  File "/opt/hostedtoolcache/Python/3.11.15/x64/lib/python3.11/http/client.py", line 1415, in getresponse
    response.begin()
  File "/opt/hostedtoolcache/Python/3.11.15/x64/lib/python3.11/http/client.py", line 330, in begin
    version, status, reason = self._read_status()
                              ^^^^^^^^^^^^^^^^^^^
  File "/opt/hostedtoolcache/Python/3.11.15/x64/lib/python3.11/http/client.py", line 299, in _read_status
    raise RemoteDisconnected("Remote end closed connection without"
http.client.RemoteDisconnected: Remote end closed connection without response

During handling of the above exception, another exception occurred:

Traceback (most recent call last):
  File "/opt/hostedtoolcache/Python/3.11.15/x64/lib/python3.11/site-packages/requests/adapters.py", line 696, in send
    resp = conn.urlopen(
           ^^^^^^^^^^^^^
  File "/opt/hostedtoolcache/Python/3.11.15/x64/lib/python3.11/site-packages/urllib3/connectionpool.py", line 842, in urlopen
    retries = retries.increment(
              ^^^^^^^^^^^^^^^^^^
  File "/opt/hostedtoolcache/Python/3.11.15/x64/lib/python3.11/site-packages/urllib3/util/retry.py", line 498, in increment
    raise reraise(type(error), error, _stacktrace)
          ^^^^^^^^^^^^^^^^^^^^^^^^^^^^^^^^^^^^^^^^
  File "/opt/hostedtoolcache/Python/3.11.15/x64/lib/python3.11/site-packages/urllib3/util/util.py", line 38, in reraise
    raise value.with_traceback(tb)
  File "/opt/hostedtoolcache/Python/3.11.15/x64/lib/python3.11/site-packages/urllib3/connectionpool.py", line 788, in urlopen
    response = self._make_request(
               ^^^^^^^^^^^^^^^^^^^
  File "/opt/hostedtoolcache/Python/3.11.15/x64/lib/python3.11/site-packages/urllib3/connectionpool.py", line 534, in _make_request
    response = conn.getresponse()
               ^^^^^^^^^^^^^^^^^^
  File "/opt/hostedtoolcache/Python/3.11.15/x64/lib/python3.11/site-packages/urllib3/connection.py", line 571, in getresponse
    httplib_response = super().getresponse()
                       ^^^^^^^^^^^^^^^^^^^^^
  File "/opt/hostedtoolcache/Python/3.11.15/x64/lib/python3.11/http/client.py", line 1415, in getresponse
    response.begin()
  File "/opt/hostedtoolcache/Python/3.11.15/x64/lib/python3.11/http/client.py", line 330, in begin
    version, status, reason = self._read_status()
                              ^^^^^^^^^^^^^^^^^^^
  File "/opt/hostedtoolcache/Python/3.11.15/x64/lib/python3.11/http/client.py", line 299, in _read_status
    raise RemoteDisconnected("Remote end closed connection without"
urllib3.exceptions.ProtocolError: ('Connection aborted.', RemoteDisconnected('Remote end closed connection without response'))

During handling of the above exception, another exception occurred:

Traceback (most recent call last):
  File "/home/runner/work/Repository-name-a-stock-radar/Repository-name-a-stock-radar/pipeline.py", line 47, in run_once
    items = fn()
            ^^^^
  File "/home/runner/work/Repository-name-a-stock-radar/Repository-name-a-stock-radar/pipeline.py", line 32, in <lambda>
    collectors.append(("fund_flow", lambda: collect_eastmoney_fund_flow(stock, cutoff, cfg["timezone"])))
                                            ^^^^^^^^^^^^^^^^^^^^^^^^^^^^^^^^^^^^^^^^^^^^^^^^^^^^^^^^^^^
  File "/home/runner/work/Repository-name-a-stock-radar/Repository-name-a-stock-radar/collectors/akshare_collectors.py", line 79, in collect_eastmoney_fund_flow
    df = safe_call(
         ^^^^^^^^^^
  File "/home/runner/work/Repository-name-a-stock-radar/Repository-name-a-stock-radar/utils.py", line 84, in safe_call
    raise last
  File "/home/runner/work/Repository-name-a-stock-radar/Repository-name-a-stock-radar/utils.py", line 78, in safe_call
    return fn(*args, **kwargs)
           ^^^^^^^^^^^^^^^^^^^
  File "/opt/hostedtoolcache/Python/3.11.15/x64/lib/python3.11/site-packages/akshare/stock/stock_fund_em.py", line 48, in stock_individual_fund_flow
    r = requests.get(url, params=params, headers=headers)
        ^^^^^^^^^^^^^^^^^^^^^^^^^^^^^^^^^^^^^^^^^^^^^^^^^
  File "/opt/hostedtoolcache/Python/3.11.15/x64/lib/python3.11/site-packages/requests/api.py", line 87, in get
    return request("get", url, params=params, **kwargs)
           ^^^^^^^^^^^^^^^^^^^^^^^^^^^^^^^^^^^^^^^^^^^^
  File "/opt/hostedtoolcache/Python/3.11.15/x64/lib/python3.11/site-packages/requests/api.py", line 71, in request
    return session.request(method=method, url=url, **kwargs)
           ^^^^^^^^^^^^^^^^^^^^^^^^^^^^^^^^^^^^^^^^^^^^^^^^^
  File "/opt/hostedtoolcache/Python/3.11.15/x64/lib/python3.11/site-packages/requests/sessions.py", line 651, in request
    resp = self.send(prep, **send_kwargs)
           ^^^^^^^^^^^^^^^^^^^^^^^^^^^^^^
  File "/opt/hostedtoolcache/Python/3.11.15/x64/lib/python3.11/site-packages/requests/sessions.py", line 784, in send
    r = adapter.send(request, **kwargs)
        ^^^^^^^^^^^^^^^^^^^^^^^^^^^^^^^
  File "/opt/hostedtoolcache/Python/3.11.15/x64/lib/python3.11/site-packages/requests/adapters.py", line 711, in send
    raise ConnectionError(err, request=request)
requests.exceptions.ConnectionError: ('Connection aborted.', RemoteDisconnected('Remote end closed connection without response'))
2026-08-12 12:54:20,828 | INFO | pipeline | 002371 big_trade: 0 items
2026-08-12 12:54:27,062 | INFO | pipeline | 002371 ir: 18 items
2026-08-12 12:54:28,584 | WARNING | utils | news:603268 failed (1/3): Invalid regular expression: invalid escape sequence: \u
2026-08-12 12:54:30,518 | WARNING | utils | news:603268 failed (2/3): Invalid regular expression: invalid escape sequence: \u
2026-08-12 12:54:33,582 | WARNING | utils | news:603268 failed (3/3): Invalid regular expression: invalid escape sequence: \u
2026-08-12 12:54:33,582 | ERROR | pipeline | collector failed: 603268 news
Traceback (most recent call last):
  File "/home/runner/work/Repository-name-a-stock-radar/Repository-name-a-stock-radar/pipeline.py", line 47, in run_once
    items = fn()
            ^^^^
  File "/home/runner/work/Repository-name-a-stock-radar/Repository-name-a-stock-radar/pipeline.py", line 28, in <lambda>
    ("news", lambda: collect_news(stock, cutoff, cfg["timezone"])),
                     ^^^^^^^^^^^^^^^^^^^^^^^^^^^^^^^^^^^^^^^^^^^^
  File "/home/runner/work/Repository-name-a-stock-radar/Repository-name-a-stock-radar/collectors/akshare_collectors.py", line 24, in collect_news
    df = safe_call(f"news:{stock.code}", ak.stock_news_em, symbol=stock.code)
         ^^^^^^^^^^^^^^^^^^^^^^^^^^^^^^^^^^^^^^^^^^^^^^^^^^^^^^^^^^^^^^^^^^^^
  File "/home/runner/work/Repository-name-a-stock-radar/Repository-name-a-stock-radar/utils.py", line 84, in safe_call
    raise last
  File "/home/runner/work/Repository-name-a-stock-radar/Repository-name-a-stock-radar/utils.py", line 78, in safe_call
    return fn(*args, **kwargs)
           ^^^^^^^^^^^^^^^^^^^
  File "/opt/hostedtoolcache/Python/3.11.15/x64/lib/python3.11/site-packages/akshare/news/news_stock.py", line 116, in stock_news_em
    temp_df["新闻内容"] = temp_df["新闻内容"].str.replace(r"\u3000", "", regex=True)
                          ^^^^^^^^^^^^^^^^^^^^^^^^^^^^^^^^^^^^^^^^^^^^^^^^^^^^^^^^^^
  File "/opt/hostedtoolcache/Python/3.11.15/x64/lib/python3.11/site-packages/pandas/core/strings/accessor.py", line 142, in wrapper
    return func(self, *args, **kwargs)
           ^^^^^^^^^^^^^^^^^^^^^^^^^^^
  File "/opt/hostedtoolcache/Python/3.11.15/x64/lib/python3.11/site-packages/pandas/core/strings/accessor.py", line 1814, in replace
    result = res_output.array._str_replace(
             ^^^^^^^^^^^^^^^^^^^^^^^^^^^^^^
  File "/opt/hostedtoolcache/Python/3.11.15/x64/lib/python3.11/site-packages/pandas/core/arrays/string_arrow.py", line 488, in _str_replace
    return ArrowStringArrayMixin._str_replace(
           ^^^^^^^^^^^^^^^^^^^^^^^^^^^^^^^^^^^
  File "/opt/hostedtoolcache/Python/3.11.15/x64/lib/python3.11/site-packages/pandas/core/arrays/_arrow_string_mixins.py", line 267, in _str_replace
    result = func(
             ^^^^^
  File "/opt/hostedtoolcache/Python/3.11.15/x64/lib/python3.11/site-packages/pyarrow/compute.py", line 271, in wrapper
    return func.call(args, options, memory_pool)
           ^^^^^^^^^^^^^^^^^^^^^^^^^^^^^^^^^^^^^
  File "pyarrow/_compute.pyx", line 399, in pyarrow._compute.Function.call
  File "pyarrow/error.pxi", line 155, in pyarrow.lib.pyarrow_internal_check_status
  File "pyarrow/error.pxi", line 92, in pyarrow.lib.check_status
pyarrow.lib.ArrowInvalid: Invalid regular expression: invalid escape sequence: \u
2026-08-12 12:54:36,383 | WARNING | utils | announcement:603268 failed (1/3): '代码'
2026-08-12 12:54:38,376 | WARNING | utils | announcement:603268 failed (2/3): '代码'
2026-08-12 12:54:41,994 | WARNING | utils | announcement:603268 failed (3/3): '代码'
2026-08-12 12:54:41,995 | ERROR | pipeline | collector failed: 603268 announcement
Traceback (most recent call last):
  File "/opt/hostedtoolcache/Python/3.11.15/x64/lib/python3.11/site-packages/pandas/core/indexes/base.py", line 3641, in get_loc
    return self._engine.get_loc(casted_key)
           ^^^^^^^^^^^^^^^^^^^^^^^^^^^^^^^^
  File "pandas/_libs/index.pyx", line 168, in pandas._libs.index.IndexEngine.get_loc
  File "pandas/_libs/index.pyx", line 197, in pandas._libs.index.IndexEngine.get_loc
  File "pandas/_libs/hashtable_class_helper.pxi", line 7668, in pandas._libs.hashtable.PyObjectHashTable.get_item
  File "pandas/_libs/hashtable_class_helper.pxi", line 7676, in pandas._libs.hashtable.PyObjectHashTable.get_item
KeyError: '代码'

The above exception was the direct cause of the following exception:

Traceback (most recent call last):
  File "/home/runner/work/Repository-name-a-stock-radar/Repository-name-a-stock-radar/pipeline.py", line 47, in run_once
    items = fn()
            ^^^^
  File "/home/runner/work/Repository-name-a-stock-radar/Repository-name-a-stock-radar/pipeline.py", line 29, in <lambda>
    ("announcement", lambda: collect_announcements(stock, cutoff, cfg["timezone"])),
                             ^^^^^^^^^^^^^^^^^^^^^^^^^^^^^^^^^^^^^^^^^^^^^^^^^^^^^
  File "/home/runner/work/Repository-name-a-stock-radar/Repository-name-a-stock-radar/collectors/akshare_collectors.py", line 48, in collect_announcements
    df = safe_call(
         ^^^^^^^^^^
  File "/home/runner/work/Repository-name-a-stock-radar/Repository-name-a-stock-radar/utils.py", line 84, in safe_call
    raise last
  File "/home/runner/work/Repository-name-a-stock-radar/Repository-name-a-stock-radar/utils.py", line 78, in safe_call
    return fn(*args, **kwargs)
           ^^^^^^^^^^^^^^^^^^^
  File "/opt/hostedtoolcache/Python/3.11.15/x64/lib/python3.11/site-packages/akshare/stock_fundamental/stock_notice.py", line 168, in stock_individual_notice_report
    return _stock_notice_report(
           ^^^^^^^^^^^^^^^^^^^^^
  File "/opt/hostedtoolcache/Python/3.11.15/x64/lib/python3.11/site-packages/akshare/stock_fundamental/stock_notice.py", line 118, in _stock_notice_report
    big_df["网址"] = url + big_df["代码"] + "/" + big_df["编码"] + ".html"
                           ~~~~~~^^^^^^^^
  File "/opt/hostedtoolcache/Python/3.11.15/x64/lib/python3.11/site-packages/pandas/core/frame.py", line 4378, in __getitem__
    indexer = self.columns.get_loc(key)
              ^^^^^^^^^^^^^^^^^^^^^^^^^
  File "/opt/hostedtoolcache/Python/3.11.15/x64/lib/python3.11/site-packages/pandas/core/indexes/base.py", line 3648, in get_loc
    raise KeyError(key) from err
KeyError: '代码'
2026-08-12 12:54:43,859 | WARNING | utils | fund_flow:603268 failed (1/3): ('Connection aborted.', RemoteDisconnected('Remote end closed connection without response'))
2026-08-12 12:54:45,704 | WARNING | utils | fund_flow:603268 failed (2/3): ('Connection aborted.', RemoteDisconnected('Remote end closed connection without response'))
2026-08-12 12:54:48,804 | WARNING | utils | fund_flow:603268 failed (3/3): ('Connection aborted.', RemoteDisconnected('Remote end closed connection without response'))
2026-08-12 12:54:48,804 | ERROR | pipeline | collector failed: 603268 fund_flow
Traceback (most recent call last):
  File "/opt/hostedtoolcache/Python/3.11.15/x64/lib/python3.11/site-packages/urllib3/connectionpool.py", line 788, in urlopen
    response = self._make_request(
               ^^^^^^^^^^^^^^^^^^^
  File "/opt/hostedtoolcache/Python/3.11.15/x64/lib/python3.11/site-packages/urllib3/connectionpool.py", line 534, in _make_request
    response = conn.getresponse()
               ^^^^^^^^^^^^^^^^^^
  File "/opt/hostedtoolcache/Python/3.11.15/x64/lib/python3.11/site-packages/urllib3/connection.py", line 571, in getresponse
    httplib_response = super().getresponse()
                       ^^^^^^^^^^^^^^^^^^^^^
  File "/opt/hostedtoolcache/Python/3.11.15/x64/lib/python3.11/http/client.py", line 1415, in getresponse
    response.begin()
  File "/opt/hostedtoolcache/Python/3.11.15/x64/lib/python3.11/http/client.py", line 330, in begin
    version, status, reason = self._read_status()
                              ^^^^^^^^^^^^^^^^^^^
  File "/opt/hostedtoolcache/Python/3.11.15/x64/lib/python3.11/http/client.py", line 299, in _read_status
    raise RemoteDisconnected("Remote end closed connection without"
http.client.RemoteDisconnected: Remote end closed connection without response

During handling of the above exception, another exception occurred:

Traceback (most recent call last):
  File "/opt/hostedtoolcache/Python/3.11.15/x64/lib/python3.11/site-packages/requests/adapters.py", line 696, in send
    resp = conn.urlopen(
           ^^^^^^^^^^^^^
  File "/opt/hostedtoolcache/Python/3.11.15/x64/lib/python3.11/site-packages/urllib3/connectionpool.py", line 842, in urlopen
    retries = retries.increment(
              ^^^^^^^^^^^^^^^^^^
  File "/opt/hostedtoolcache/Python/3.11.15/x64/lib/python3.11/site-packages/urllib3/util/retry.py", line 498, in increment
    raise reraise(type(error), error, _stacktrace)
          ^^^^^^^^^^^^^^^^^^^^^^^^^^^^^^^^^^^^^^^^
  File "/opt/hostedtoolcache/Python/3.11.15/x64/lib/python3.11/site-packages/urllib3/util/util.py", line 38, in reraise
    raise value.with_traceback(tb)
  File "/opt/hostedtoolcache/Python/3.11.15/x64/lib/python3.11/site-packages/urllib3/connectionpool.py", line 788, in urlopen
    response = self._make_request(
               ^^^^^^^^^^^^^^^^^^^
  File "/opt/hostedtoolcache/Python/3.11.15/x64/lib/python3.11/site-packages/urllib3/connectionpool.py", line 534, in _make_request
    response = conn.getresponse()
               ^^^^^^^^^^^^^^^^^^
  File "/opt/hostedtoolcache/Python/3.11.15/x64/lib/python3.11/site-packages/urllib3/connection.py", line 571, in getresponse
    httplib_response = super().getresponse()
                       ^^^^^^^^^^^^^^^^^^^^^
  File "/opt/hostedtoolcache/Python/3.11.15/x64/lib/python3.11/http/client.py", line 1415, in getresponse
    response.begin()
  File "/opt/hostedtoolcache/Python/3.11.15/x64/lib/python3.11/http/client.py", line 330, in begin
    version, status, reason = self._read_status()
                              ^^^^^^^^^^^^^^^^^^^
  File "/opt/hostedtoolcache/Python/3.11.15/x64/lib/python3.11/http/client.py", line 299, in _read_status
    raise RemoteDisconnected("Remote end closed connection without"
urllib3.exceptions.ProtocolError: ('Connection aborted.', RemoteDisconnected('Remote end closed connection without response'))

During handling of the above exception, another exception occurred:

Traceback (most recent call last):
  File "/home/runner/work/Repository-name-a-stock-radar/Repository-name-a-stock-radar/pipeline.py", line 47, in run_once
    items = fn()
            ^^^^
  File "/home/runner/work/Repository-name-a-stock-radar/Repository-name-a-stock-radar/pipeline.py", line 32, in <lambda>
    collectors.append(("fund_flow", lambda: collect_eastmoney_fund_flow(stock, cutoff, cfg["timezone"])))
                                            ^^^^^^^^^^^^^^^^^^^^^^^^^^^^^^^^^^^^^^^^^^^^^^^^^^^^^^^^^^^
  File "/home/runner/work/Repository-name-a-stock-radar/Repository-name-a-stock-radar/collectors/akshare_collectors.py", line 79, in collect_eastmoney_fund_flow
    df = safe_call(
         ^^^^^^^^^^
  File "/home/runner/work/Repository-name-a-stock-radar/Repository-name-a-stock-radar/utils.py", line 84, in safe_call
    raise last
  File "/home/runner/work/Repository-name-a-stock-radar/Repository-name-a-stock-radar/utils.py", line 78, in safe_call
    return fn(*args, **kwargs)
           ^^^^^^^^^^^^^^^^^^^
  File "/opt/hostedtoolcache/Python/3.11.15/x64/lib/python3.11/site-packages/akshare/stock/stock_fund_em.py", line 48, in stock_individual_fund_flow
    r = requests.get(url, params=params, headers=headers)
        ^^^^^^^^^^^^^^^^^^^^^^^^^^^^^^^^^^^^^^^^^^^^^^^^^
  File "/opt/hostedtoolcache/Python/3.11.15/x64/lib/python3.11/site-packages/requests/api.py", line 87, in get
    return request("get", url, params=params, **kwargs)
           ^^^^^^^^^^^^^^^^^^^^^^^^^^^^^^^^^^^^^^^^^^^^
  File "/opt/hostedtoolcache/Python/3.11.15/x64/lib/python3.11/site-packages/requests/api.py", line 71, in request
    return session.request(method=method, url=url, **kwargs)
           ^^^^^^^^^^^^^^^^^^^^^^^^^^^^^^^^^^^^^^^^^^^^^^^^^
  File "/opt/hostedtoolcache/Python/3.11.15/x64/lib/python3.11/site-packages/requests/sessions.py", line 651, in request
    resp = self.send(prep, **send_kwargs)
           ^^^^^^^^^^^^^^^^^^^^^^^^^^^^^^
  File "/opt/hostedtoolcache/Python/3.11.15/x64/lib/python3.11/site-packages/requests/sessions.py", line 784, in send
    r = adapter.send(request, **kwargs)
        ^^^^^^^^^^^^^^^^^^^^^^^^^^^^^^^
  File "/opt/hostedtoolcache/Python/3.11.15/x64/lib/python3.11/site-packages/requests/adapters.py", line 711, in send
    raise ConnectionError(err, request=request)
requests.exceptions.ConnectionError: ('Connection aborted.', RemoteDisconnected('Remote end closed connection without response'))
2026-08-12 12:55:18,019 | INFO | pipeline | 603268 big_trade: 0 items
2026-08-12 12:57:09,966 | INFO | pipeline | 603268 ir: 0 items
2026-08-12 12:57:12,522 | WARNING | utils | news:688188 failed (1/3): Invalid regular expression: invalid escape sequence: \u
2026-08-12 12:57:15,382 | WARNING | utils | news:688188 failed (2/3): Invalid regular expression: invalid escape sequence: \u
2026-08-12 12:57:19,221 | WARNING | utils | news:688188 failed (3/3): Invalid regular expression: invalid escape sequence: \u
2026-08-12 12:57:19,221 | ERROR | pipeline | collector failed: 688188 news
Traceback (most recent call last):
  File "/home/runner/work/Repository-name-a-stock-radar/Repository-name-a-stock-radar/pipeline.py", line 47, in run_once
    items = fn()
            ^^^^
  File "/home/runner/work/Repository-name-a-stock-radar/Repository-name-a-stock-radar/pipeline.py", line 28, in <lambda>
    ("news", lambda: collect_news(stock, cutoff, cfg["timezone"])),
                     ^^^^^^^^^^^^^^^^^^^^^^^^^^^^^^^^^^^^^^^^^^^^
  File "/home/runner/work/Repository-name-a-stock-radar/Repository-name-a-stock-radar/collectors/akshare_collectors.py", line 24, in collect_news
    df = safe_call(f"news:{stock.code}", ak.stock_news_em, symbol=stock.code)
         ^^^^^^^^^^^^^^^^^^^^^^^^^^^^^^^^^^^^^^^^^^^^^^^^^^^^^^^^^^^^^^^^^^^^
  File "/home/runner/work/Repository-name-a-stock-radar/Repository-name-a-stock-radar/utils.py", line 84, in safe_call
    raise last
  File "/home/runner/work/Repository-name-a-stock-radar/Repository-name-a-stock-radar/utils.py", line 78, in safe_call
    return fn(*args, **kwargs)
           ^^^^^^^^^^^^^^^^^^^
  File "/opt/hostedtoolcache/Python/3.11.15/x64/lib/python3.11/site-packages/akshare/news/news_stock.py", line 116, in stock_news_em
    temp_df["新闻内容"] = temp_df["新闻内容"].str.replace(r"\u3000", "", regex=True)
                          ^^^^^^^^^^^^^^^^^^^^^^^^^^^^^^^^^^^^^^^^^^^^^^^^^^^^^^^^^^
  File "/opt/hostedtoolcache/Python/3.11.15/x64/lib/python3.11/site-packages/pandas/core/strings/accessor.py", line 142, in wrapper
    return func(self, *args, **kwargs)
           ^^^^^^^^^^^^^^^^^^^^^^^^^^^
  File "/opt/hostedtoolcache/Python/3.11.15/x64/lib/python3.11/site-packages/pandas/core/strings/accessor.py", line 1814, in replace
    result = res_output.array._str_replace(
             ^^^^^^^^^^^^^^^^^^^^^^^^^^^^^^
  File "/opt/hostedtoolcache/Python/3.11.15/x64/lib/python3.11/site-packages/pandas/core/arrays/string_arrow.py", line 488, in _str_replace
    return ArrowStringArrayMixin._str_replace(
           ^^^^^^^^^^^^^^^^^^^^^^^^^^^^^^^^^^^
  File "/opt/hostedtoolcache/Python/3.11.15/x64/lib/python3.11/site-packages/pandas/core/arrays/_arrow_string_mixins.py", line 267, in _str_replace
    result = func(
             ^^^^^
  File "/opt/hostedtoolcache/Python/3.11.15/x64/lib/python3.11/site-packages/pyarrow/compute.py", line 271, in wrapper
    return func.call(args, options, memory_pool)
           ^^^^^^^^^^^^^^^^^^^^^^^^^^^^^^^^^^^^^
  File "pyarrow/_compute.pyx", line 399, in pyarrow._compute.Function.call
  File "pyarrow/error.pxi", line 155, in pyarrow.lib.pyarrow_internal_check_status
  File "pyarrow/error.pxi", line 92, in pyarrow.lib.check_status
pyarrow.lib.ArrowInvalid: Invalid regular expression: invalid escape sequence: \u
2026-08-12 12:57:21,589 | WARNING | utils | announcement:688188 failed (1/3): '代码'
2026-08-12 12:57:24,128 | WARNING | utils | announcement:688188 failed (2/3): '代码'
2026-08-12 12:57:27,163 | WARNING | utils | announcement:688188 failed (3/3): '代码'
2026-08-12 12:57:27,163 | ERROR | pipeline | collector failed: 688188 announcement
Traceback (most recent call last):
  File "/opt/hostedtoolcache/Python/3.11.15/x64/lib/python3.11/site-packages/pandas/core/indexes/base.py", line 3641, in get_loc
    return self._engine.get_loc(casted_key)
           ^^^^^^^^^^^^^^^^^^^^^^^^^^^^^^^^
  File "pandas/_libs/index.pyx", line 168, in pandas._libs.index.IndexEngine.get_loc
  File "pandas/_libs/index.pyx", line 197, in pandas._libs.index.IndexEngine.get_loc
  File "pandas/_libs/hashtable_class_helper.pxi", line 7668, in pandas._libs.hashtable.PyObjectHashTable.get_item
  File "pandas/_libs/hashtable_class_helper.pxi", line 7676, in pandas._libs.hashtable.PyObjectHashTable.get_item
KeyError: '代码'

The above exception was the direct cause of the following exception:

Traceback (most recent call last):
  File "/home/runner/work/Repository-name-a-stock-radar/Repository-name-a-stock-radar/pipeline.py", line 47, in run_once
    items = fn()
            ^^^^
  File "/home/runner/work/Repository-name-a-stock-radar/Repository-name-a-stock-radar/pipeline.py", line 29, in <lambda>
    ("announcement", lambda: collect_announcements(stock, cutoff, cfg["timezone"])),
                             ^^^^^^^^^^^^^^^^^^^^^^^^^^^^^^^^^^^^^^^^^^^^^^^^^^^^^
  File "/home/runner/work/Repository-name-a-stock-radar/Repository-name-a-stock-radar/collectors/akshare_collectors.py", line 48, in collect_announcements
    df = safe_call(
         ^^^^^^^^^^
  File "/home/runner/work/Repository-name-a-stock-radar/Repository-name-a-stock-radar/utils.py", line 84, in safe_call
    raise last
  File "/home/runner/work/Repository-name-a-stock-radar/Repository-name-a-stock-radar/utils.py", line 78, in safe_call
    return fn(*args, **kwargs)
           ^^^^^^^^^^^^^^^^^^^
  File "/opt/hostedtoolcache/Python/3.11.15/x64/lib/python3.11/site-packages/akshare/stock_fundamental/stock_notice.py", line 168, in stock_individual_notice_report
    return _stock_notice_report(
           ^^^^^^^^^^^^^^^^^^^^^
  File "/opt/hostedtoolcache/Python/3.11.15/x64/lib/python3.11/site-packages/akshare/stock_fundamental/stock_notice.py", line 118, in _stock_notice_report
    big_df["网址"] = url + big_df["代码"] + "/" + big_df["编码"] + ".html"
                           ~~~~~~^^^^^^^^
  File "/opt/hostedtoolcache/Python/3.11.15/x64/lib/python3.11/site-packages/pandas/core/frame.py", line 4378, in __getitem__
    indexer = self.columns.get_loc(key)
              ^^^^^^^^^^^^^^^^^^^^^^^^^
  File "/opt/hostedtoolcache/Python/3.11.15/x64/lib/python3.11/site-packages/pandas/core/indexes/base.py", line 3648, in get_loc
    raise KeyError(key) from err
KeyError: '代码'
2026-08-12 12:57:29,035 | WARNING | utils | fund_flow:688188 failed (1/3): ('Connection aborted.', RemoteDisconnected('Remote end closed connection without response'))
2026-08-12 12:57:30,940 | WARNING | utils | fund_flow:688188 failed (2/3): ('Connection aborted.', RemoteDisconnected('Remote end closed connection without response'))
2026-08-12 12:57:34,066 | WARNING | utils | fund_flow:688188 failed (3/3): ('Connection aborted.', RemoteDisconnected('Remote end closed connection without response'))
2026-08-12 12:57:34,066 | ERROR | pipeline | collector failed: 688188 fund_flow
Traceback (most recent call last):
  File "/opt/hostedtoolcache/Python/3.11.15/x64/lib/python3.11/site-packages/urllib3/connectionpool.py", line 788, in urlopen
    response = self._make_request(
               ^^^^^^^^^^^^^^^^^^^
  File "/opt/hostedtoolcache/Python/3.11.15/x64/lib/python3.11/site-packages/urllib3/connectionpool.py", line 534, in _make_request
    response = conn.getresponse()
               ^^^^^^^^^^^^^^^^^^
  File "/opt/hostedtoolcache/Python/3.11.15/x64/lib/python3.11/site-packages/urllib3/connection.py", line 571, in getresponse
    httplib_response = super().getresponse()
                       ^^^^^^^^^^^^^^^^^^^^^
  File "/opt/hostedtoolcache/Python/3.11.15/x64/lib/python3.11/http/client.py", line 1415, in getresponse
    response.begin()
  File "/opt/hostedtoolcache/Python/3.11.15/x64/lib/python3.11/http/client.py", line 330, in begin
    version, status, reason = self._read_status()
                              ^^^^^^^^^^^^^^^^^^^
  File "/opt/hostedtoolcache/Python/3.11.15/x64/lib/python3.11/http/client.py", line 299, in _read_status
    raise RemoteDisconnected("Remote end closed connection without"
http.client.RemoteDisconnected: Remote end closed connection without response

During handling of the above exception, another exception occurred:

Traceback (most recent call last):
  File "/opt/hostedtoolcache/Python/3.11.15/x64/lib/python3.11/site-packages/requests/adapters.py", line 696, in send
    resp = conn.urlopen(
           ^^^^^^^^^^^^^
  File "/opt/hostedtoolcache/Python/3.11.15/x64/lib/python3.11/site-packages/urllib3/connectionpool.py", line 842, in urlopen
    retries = retries.increment(
              ^^^^^^^^^^^^^^^^^^
  File "/opt/hostedtoolcache/Python/3.11.15/x64/lib/python3.11/site-packages/urllib3/util/retry.py", line 498, in increment
    raise reraise(type(error), error, _stacktrace)
          ^^^^^^^^^^^^^^^^^^^^^^^^^^^^^^^^^^^^^^^^
  File "/opt/hostedtoolcache/Python/3.11.15/x64/lib/python3.11/site-packages/urllib3/util/util.py", line 38, in reraise
    raise value.with_traceback(tb)
  File "/opt/hostedtoolcache/Python/3.11.15/x64/lib/python3.11/site-packages/urllib3/connectionpool.py", line 788, in urlopen
    response = self._make_request(
               ^^^^^^^^^^^^^^^^^^^
  File "/opt/hostedtoolcache/Python/3.11.15/x64/lib/python3.11/site-packages/urllib3/connectionpool.py", line 534, in _make_request
    response = conn.getresponse()
               ^^^^^^^^^^^^^^^^^^
  File "/opt/hostedtoolcache/Python/3.11.15/x64/lib/python3.11/site-packages/urllib3/connection.py", line 571, in getresponse
    httplib_response = super().getresponse()
                       ^^^^^^^^^^^^^^^^^^^^^
  File "/opt/hostedtoolcache/Python/3.11.15/x64/lib/python3.11/http/client.py", line 1415, in getresponse
    response.begin()
  File "/opt/hostedtoolcache/Python/3.11.15/x64/lib/python3.11/http/client.py", line 330, in begin
    version, status, reason = self._read_status()
                              ^^^^^^^^^^^^^^^^^^^
  File "/opt/hostedtoolcache/Python/3.11.15/x64/lib/python3.11/http/client.py", line 299, in _read_status
    raise RemoteDisconnected("Remote end closed connection without"
urllib3.exceptions.ProtocolError: ('Connection aborted.', RemoteDisconnected('Remote end closed connection without response'))

During handling of the above exception, another exception occurred:

Traceback (most recent call last):
  File "/home/runner/work/Repository-name-a-stock-radar/Repository-name-a-stock-radar/pipeline.py", line 47, in run_once
    items = fn()
            ^^^^
  File "/home/runner/work/Repository-name-a-stock-radar/Repository-name-a-stock-radar/pipeline.py", line 32, in <lambda>
    collectors.append(("fund_flow", lambda: collect_eastmoney_fund_flow(stock, cutoff, cfg["timezone"])))
                                            ^^^^^^^^^^^^^^^^^^^^^^^^^^^^^^^^^^^^^^^^^^^^^^^^^^^^^^^^^^^
  File "/home/runner/work/Repository-name-a-stock-radar/Repository-name-a-stock-radar/collectors/akshare_collectors.py", line 79, in collect_eastmoney_fund_flow
    df = safe_call(
         ^^^^^^^^^^
  File "/home/runner/work/Repository-name-a-stock-radar/Repository-name-a-stock-radar/utils.py", line 84, in safe_call
    raise last
  File "/home/runner/work/Repository-name-a-stock-radar/Repository-name-a-stock-radar/utils.py", line 78, in safe_call
    return fn(*args, **kwargs)
           ^^^^^^^^^^^^^^^^^^^
  File "/opt/hostedtoolcache/Python/3.11.15/x64/lib/python3.11/site-packages/akshare/stock/stock_fund_em.py", line 48, in stock_individual_fund_flow
    r = requests.get(url, params=params, headers=headers)
        ^^^^^^^^^^^^^^^^^^^^^^^^^^^^^^^^^^^^^^^^^^^^^^^^^
  File "/opt/hostedtoolcache/Python/3.11.15/x64/lib/python3.11/site-packages/requests/api.py", line 87, in get
    return request("get", url, params=params, **kwargs)
           ^^^^^^^^^^^^^^^^^^^^^^^^^^^^^^^^^^^^^^^^^^^^
  File "/opt/hostedtoolcache/Python/3.11.15/x64/lib/python3.11/site-packages/requests/api.py", line 71, in request
    return session.request(method=method, url=url, **kwargs)
           ^^^^^^^^^^^^^^^^^^^^^^^^^^^^^^^^^^^^^^^^^^^^^^^^^
  File "/opt/hostedtoolcache/Python/3.11.15/x64/lib/python3.11/site-packages/requests/sessions.py", line 651, in request
    resp = self.send(prep, **send_kwargs)
           ^^^^^^^^^^^^^^^^^^^^^^^^^^^^^^
  File "/opt/hostedtoolcache/Python/3.11.15/x64/lib/python3.11/site-packages/requests/sessions.py", line 784, in send
    r = adapter.send(request, **kwargs)
        ^^^^^^^^^^^^^^^^^^^^^^^^^^^^^^^
  File "/opt/hostedtoolcache/Python/3.11.15/x64/lib/python3.11/site-packages/requests/adapters.py", line 711, in send
    raise ConnectionError(err, request=request)
requests.exceptions.ConnectionError: ('Connection aborted.', RemoteDisconnected('Remote end closed connection without response'))
2026-08-12 12:57:50,736 | INFO | pipeline | 688188 big_trade: 0 items
2026-08-12 12:57:53,572 | INFO | pipeline | 688188 ir: 0 items
2026-08-12 12:57:55,112 | WARNING | utils | news:002156 failed (1/3): Invalid regular expression: invalid escape sequence: \u
2026-08-12 12:57:57,734 | WARNING | utils | news:002156 failed (2/3): Invalid regular expression: invalid escape sequence: \u
2026-08-12 12:58:00,844 | WARNING | utils | news:002156 failed (3/3): Invalid regular expression: invalid escape sequence: \u
2026-08-12 12:58:00,844 | ERROR | pipeline | collector failed: 002156 news
Traceback (most recent call last):
  File "/home/runner/work/Repository-name-a-stock-radar/Repository-name-a-stock-radar/pipeline.py", line 47, in run_once
    items = fn()
            ^^^^
  File "/home/runner/work/Repository-name-a-stock-radar/Repository-name-a-stock-radar/pipeline.py", line 28, in <lambda>
    ("news", lambda: collect_news(stock, cutoff, cfg["timezone"])),
                     ^^^^^^^^^^^^^^^^^^^^^^^^^^^^^^^^^^^^^^^^^^^^
  File "/home/runner/work/Repository-name-a-stock-radar/Repository-name-a-stock-radar/collectors/akshare_collectors.py", line 24, in collect_news
    df = safe_call(f"news:{stock.code}", ak.stock_news_em, symbol=stock.code)
         ^^^^^^^^^^^^^^^^^^^^^^^^^^^^^^^^^^^^^^^^^^^^^^^^^^^^^^^^^^^^^^^^^^^^
  File "/home/runner/work/Repository-name-a-stock-radar/Repository-name-a-stock-radar/utils.py", line 84, in safe_call
    raise last
  File "/home/runner/work/Repository-name-a-stock-radar/Repository-name-a-stock-radar/utils.py", line 78, in safe_call
    return fn(*args, **kwargs)
           ^^^^^^^^^^^^^^^^^^^
  File "/opt/hostedtoolcache/Python/3.11.15/x64/lib/python3.11/site-packages/akshare/news/news_stock.py", line 116, in stock_news_em
    temp_df["新闻内容"] = temp_df["新闻内容"].str.replace(r"\u3000", "", regex=True)
                          ^^^^^^^^^^^^^^^^^^^^^^^^^^^^^^^^^^^^^^^^^^^^^^^^^^^^^^^^^^
  File "/opt/hostedtoolcache/Python/3.11.15/x64/lib/python3.11/site-packages/pandas/core/strings/accessor.py", line 142, in wrapper
    return func(self, *args, **kwargs)
           ^^^^^^^^^^^^^^^^^^^^^^^^^^^
  File "/opt/hostedtoolcache/Python/3.11.15/x64/lib/python3.11/site-packages/pandas/core/strings/accessor.py", line 1814, in replace
    result = res_output.array._str_replace(
             ^^^^^^^^^^^^^^^^^^^^^^^^^^^^^^
  File "/opt/hostedtoolcache/Python/3.11.15/x64/lib/python3.11/site-packages/pandas/core/arrays/string_arrow.py", line 488, in _str_replace
    return ArrowStringArrayMixin._str_replace(
           ^^^^^^^^^^^^^^^^^^^^^^^^^^^^^^^^^^^
  File "/opt/hostedtoolcache/Python/3.11.15/x64/lib/python3.11/site-packages/pandas/core/arrays/_arrow_string_mixins.py", line 267, in _str_replace
    result = func(
             ^^^^^
  File "/opt/hostedtoolcache/Python/3.11.15/x64/lib/python3.11/site-packages/pyarrow/compute.py", line 271, in wrapper
    return func.call(args, options, memory_pool)
           ^^^^^^^^^^^^^^^^^^^^^^^^^^^^^^^^^^^^^
  File "pyarrow/_compute.pyx", line 399, in pyarrow._compute.Function.call
  File "pyarrow/error.pxi", line 155, in pyarrow.lib.pyarrow_internal_check_status
  File "pyarrow/error.pxi", line 92, in pyarrow.lib.check_status
pyarrow.lib.ArrowInvalid: Invalid regular expression: invalid escape sequence: \u
2026-08-12 12:58:02,751 | WARNING | utils | announcement:002156 failed (1/3): '代码'
2026-08-12 12:58:05,351 | WARNING | utils | announcement:002156 failed (2/3): '代码'
2026-08-12 12:58:08,344 | WARNING | utils | announcement:002156 failed (3/3): '代码'
2026-08-12 12:58:08,344 | ERROR | pipeline | collector failed: 002156 announcement
Traceback (most recent call last):
  File "/opt/hostedtoolcache/Python/3.11.15/x64/lib/python3.11/site-packages/pandas/core/indexes/base.py", line 3641, in get_loc
    return self._engine.get_loc(casted_key)
           ^^^^^^^^^^^^^^^^^^^^^^^^^^^^^^^^
  File "pandas/_libs/index.pyx", line 168, in pandas._libs.index.IndexEngine.get_loc
  File "pandas/_libs/index.pyx", line 197, in pandas._libs.index.IndexEngine.get_loc
  File "pandas/_libs/hashtable_class_helper.pxi", line 7668, in pandas._libs.hashtable.PyObjectHashTable.get_item
  File "pandas/_libs/hashtable_class_helper.pxi", line 7676, in pandas._libs.hashtable.PyObjectHashTable.get_item
KeyError: '代码'

The above exception was the direct cause of the following exception:

Traceback (most recent call last):
  File "/home/runner/work/Repository-name-a-stock-radar/Repository-name-a-stock-radar/pipeline.py", line 47, in run_once
    items = fn()
            ^^^^
  File "/home/runner/work/Repository-name-a-stock-radar/Repository-name-a-stock-radar/pipeline.py", line 29, in <lambda>
    ("announcement", lambda: collect_announcements(stock, cutoff, cfg["timezone"])),
                             ^^^^^^^^^^^^^^^^^^^^^^^^^^^^^^^^^^^^^^^^^^^^^^^^^^^^^
  File "/home/runner/work/Repository-name-a-stock-radar/Repository-name-a-stock-radar/collectors/akshare_collectors.py", line 48, in collect_announcements
    df = safe_call(
         ^^^^^^^^^^
  File "/home/runner/work/Repository-name-a-stock-radar/Repository-name-a-stock-radar/utils.py", line 84, in safe_call
    raise last
  File "/home/runner/work/Repository-name-a-stock-radar/Repository-name-a-stock-radar/utils.py", line 78, in safe_call
    return fn(*args, **kwargs)
           ^^^^^^^^^^^^^^^^^^^
  File "/opt/hostedtoolcache/Python/3.11.15/x64/lib/python3.11/site-packages/akshare/stock_fundamental/stock_notice.py", line 168, in stock_individual_notice_report
    return _stock_notice_report(
           ^^^^^^^^^^^^^^^^^^^^^
  File "/opt/hostedtoolcache/Python/3.11.15/x64/lib/python3.11/site-packages/akshare/stock_fundamental/stock_notice.py", line 118, in _stock_notice_report
    big_df["网址"] = url + big_df["代码"] + "/" + big_df["编码"] + ".html"
                           ~~~~~~^^^^^^^^
  File "/opt/hostedtoolcache/Python/3.11.15/x64/lib/python3.11/site-packages/pandas/core/frame.py", line 4378, in __getitem__
    indexer = self.columns.get_loc(key)
              ^^^^^^^^^^^^^^^^^^^^^^^^^
  File "/opt/hostedtoolcache/Python/3.11.15/x64/lib/python3.11/site-packages/pandas/core/indexes/base.py", line 3648, in get_loc
    raise KeyError(key) from err
KeyError: '代码'
2026-08-12 12:58:09,857 | WARNING | utils | fund_flow:002156 failed (1/3): ('Connection aborted.', RemoteDisconnected('Remote end closed connection without response'))
2026-08-12 12:58:11,781 | WARNING | utils | fund_flow:002156 failed (2/3): ('Connection aborted.', RemoteDisconnected('Remote end closed connection without response'))
2026-08-12 12:58:14,895 | WARNING | utils | fund_flow:002156 failed (3/3): ('Connection aborted.', RemoteDisconnected('Remote end closed connection without response'))
2026-08-12 12:58:14,896 | ERROR | pipeline | collector failed: 002156 fund_flow
Traceback (most recent call last):
  File "/opt/hostedtoolcache/Python/3.11.15/x64/lib/python3.11/site-packages/urllib3/connectionpool.py", line 788, in urlopen
    response = self._make_request(
               ^^^^^^^^^^^^^^^^^^^
  File "/opt/hostedtoolcache/Python/3.11.15/x64/lib/python3.11/site-packages/urllib3/connectionpool.py", line 534, in _make_request
    response = conn.getresponse()
               ^^^^^^^^^^^^^^^^^^
  File "/opt/hostedtoolcache/Python/3.11.15/x64/lib/python3.11/site-packages/urllib3/connection.py", line 571, in getresponse
    httplib_response = super().getresponse()
                       ^^^^^^^^^^^^^^^^^^^^^
  File "/opt/hostedtoolcache/Python/3.11.15/x64/lib/python3.11/http/client.py", line 1415, in getresponse
    response.begin()
  File "/opt/hostedtoolcache/Python/3.11.15/x64/lib/python3.11/http/client.py", line 330, in begin
    version, status, reason = self._read_status()
                              ^^^^^^^^^^^^^^^^^^^
  File "/opt/hostedtoolcache/Python/3.11.15/x64/lib/python3.11/http/client.py", line 299, in _read_status
    raise RemoteDisconnected("Remote end closed connection without"
http.client.RemoteDisconnected: Remote end closed connection without response

During handling of the above exception, another exception occurred:

Traceback (most recent call last):
  File "/opt/hostedtoolcache/Python/3.11.15/x64/lib/python3.11/site-packages/requests/adapters.py", line 696, in send
    resp = conn.urlopen(
           ^^^^^^^^^^^^^
  File "/opt/hostedtoolcache/Python/3.11.15/x64/lib/python3.11/site-packages/urllib3/connectionpool.py", line 842, in urlopen
    retries = retries.increment(
              ^^^^^^^^^^^^^^^^^^
  File "/opt/hostedtoolcache/Python/3.11.15/x64/lib/python3.11/site-packages/urllib3/util/retry.py", line 498, in increment
    raise reraise(type(error), error, _stacktrace)
          ^^^^^^^^^^^^^^^^^^^^^^^^^^^^^^^^^^^^^^^^
  File "/opt/hostedtoolcache/Python/3.11.15/x64/lib/python3.11/site-packages/urllib3/util/util.py", line 38, in reraise
    raise value.with_traceback(tb)
  File "/opt/hostedtoolcache/Python/3.11.15/x64/lib/python3.11/site-packages/urllib3/connectionpool.py", line 788, in urlopen
    response = self._make_request(
               ^^^^^^^^^^^^^^^^^^^
  File "/opt/hostedtoolcache/Python/3.11.15/x64/lib/python3.11/site-packages/urllib3/connectionpool.py", line 534, in _make_request
    response = conn.getresponse()
               ^^^^^^^^^^^^^^^^^^
  File "/opt/hostedtoolcache/Python/3.11.15/x64/lib/python3.11/site-packages/urllib3/connection.py", line 571, in getresponse
    httplib_response = super().getresponse()
                       ^^^^^^^^^^^^^^^^^^^^^
  File "/opt/hostedtoolcache/Python/3.11.15/x64/lib/python3.11/http/client.py", line 1415, in getresponse
    response.begin()
  File "/opt/hostedtoolcache/Python/3.11.15/x64/lib/python3.11/http/client.py", line 330, in begin
    version, status, reason = self._read_status()
                              ^^^^^^^^^^^^^^^^^^^
  File "/opt/hostedtoolcache/Python/3.11.15/x64/lib/python3.11/http/client.py", line 299, in _read_status
    raise RemoteDisconnected("Remote end closed connection without"
urllib3.exceptions.ProtocolError: ('Connection aborted.', RemoteDisconnected('Remote end closed connection without response'))

During handling of the above exception, another exception occurred:

Traceback (most recent call last):
  File "/home/runner/work/Repository-name-a-stock-radar/Repository-name-a-stock-radar/pipeline.py", line 47, in run_once
    items = fn()
            ^^^^
  File "/home/runner/work/Repository-name-a-stock-radar/Repository-name-a-stock-radar/pipeline.py", line 32, in <lambda>
    collectors.append(("fund_flow", lambda: collect_eastmoney_fund_flow(stock, cutoff, cfg["timezone"])))
                                            ^^^^^^^^^^^^^^^^^^^^^^^^^^^^^^^^^^^^^^^^^^^^^^^^^^^^^^^^^^^
  File "/home/runner/work/Repository-name-a-stock-radar/Repository-name-a-stock-radar/collectors/akshare_collectors.py", line 79, in collect_eastmoney_fund_flow
    df = safe_call(
         ^^^^^^^^^^
  File "/home/runner/work/Repository-name-a-stock-radar/Repository-name-a-stock-radar/utils.py", line 84, in safe_call
    raise last
  File "/home/runner/work/Repository-name-a-stock-radar/Repository-name-a-stock-radar/utils.py", line 78, in safe_call
    return fn(*args, **kwargs)
           ^^^^^^^^^^^^^^^^^^^
  File "/opt/hostedtoolcache/Python/3.11.15/x64/lib/python3.11/site-packages/akshare/stock/stock_fund_em.py", line 48, in stock_individual_fund_flow
    r = requests.get(url, params=params, headers=headers)
        ^^^^^^^^^^^^^^^^^^^^^^^^^^^^^^^^^^^^^^^^^^^^^^^^^
  File "/opt/hostedtoolcache/Python/3.11.15/x64/lib/python3.11/site-packages/requests/api.py", line 87, in get
    return request("get", url, params=params, **kwargs)
           ^^^^^^^^^^^^^^^^^^^^^^^^^^^^^^^^^^^^^^^^^^^^
  File "/opt/hostedtoolcache/Python/3.11.15/x64/lib/python3.11/site-packages/requests/api.py", line 71, in request
    return session.request(method=method, url=url, **kwargs)
           ^^^^^^^^^^^^^^^^^^^^^^^^^^^^^^^^^^^^^^^^^^^^^^^^^
  File "/opt/hostedtoolcache/Python/3.11.15/x64/lib/python3.11/site-packages/requests/sessions.py", line 651, in request
    resp = self.send(prep, **send_kwargs)
           ^^^^^^^^^^^^^^^^^^^^^^^^^^^^^^
  File "/opt/hostedtoolcache/Python/3.11.15/x64/lib/python3.11/site-packages/requests/sessions.py", line 784, in send
    r = adapter.send(request, **kwargs)
        ^^^^^^^^^^^^^^^^^^^^^^^^^^^^^^^
  File "/opt/hostedtoolcache/Python/3.11.15/x64/lib/python3.11/site-packages/requests/adapters.py", line 711, in send
    raise ConnectionError(err, request=request)
requests.exceptions.ConnectionError: ('Connection aborted.', RemoteDisconnected('Remote end closed connection without response'))
2026-08-12 12:58:50,763 | INFO | pipeline | 002156 big_trade: 0 items
2026-08-12 12:58:57,363 | INFO | pipeline | 002156 ir: 1 items
2026-08-12 12:58:59,830 | WARNING | utils | news:688017 failed (1/3): Invalid regular expression: invalid escape sequence: \u
2026-08-12 12:59:01,760 | WARNING | utils | news:688017 failed (2/3): Invalid regular expression: invalid escape sequence: \u
2026-08-12 12:59:05,700 | WARNING | utils | news:688017 failed (3/3): Invalid regular expression: invalid escape sequence: \u
2026-08-12 12:59:05,700 | ERROR | pipeline | collector failed: 688017 news
Traceback (most recent call last):
  File "/home/runner/work/Repository-name-a-stock-radar/Repository-name-a-stock-radar/pipeline.py", line 47, in run_once
    items = fn()
            ^^^^
  File "/home/runner/work/Repository-name-a-stock-radar/Repository-name-a-stock-radar/pipeline.py", line 28, in <lambda>
    ("news", lambda: collect_news(stock, cutoff, cfg["timezone"])),
                     ^^^^^^^^^^^^^^^^^^^^^^^^^^^^^^^^^^^^^^^^^^^^
  File "/home/runner/work/Repository-name-a-stock-radar/Repository-name-a-stock-radar/collectors/akshare_collectors.py", line 24, in collect_news
    df = safe_call(f"news:{stock.code}", ak.stock_news_em, symbol=stock.code)
         ^^^^^^^^^^^^^^^^^^^^^^^^^^^^^^^^^^^^^^^^^^^^^^^^^^^^^^^^^^^^^^^^^^^^
  File "/home/runner/work/Repository-name-a-stock-radar/Repository-name-a-stock-radar/utils.py", line 84, in safe_call
    raise last
  File "/home/runner/work/Repository-name-a-stock-radar/Repository-name-a-stock-radar/utils.py", line 78, in safe_call
    return fn(*args, **kwargs)
           ^^^^^^^^^^^^^^^^^^^
  File "/opt/hostedtoolcache/Python/3.11.15/x64/lib/python3.11/site-packages/akshare/news/news_stock.py", line 116, in stock_news_em
    temp_df["新闻内容"] = temp_df["新闻内容"].str.replace(r"\u3000", "", regex=True)
                          ^^^^^^^^^^^^^^^^^^^^^^^^^^^^^^^^^^^^^^^^^^^^^^^^^^^^^^^^^^
  File "/opt/hostedtoolcache/Python/3.11.15/x64/lib/python3.11/site-packages/pandas/core/strings/accessor.py", line 142, in wrapper
    return func(self, *args, **kwargs)
           ^^^^^^^^^^^^^^^^^^^^^^^^^^^
  File "/opt/hostedtoolcache/Python/3.11.15/x64/lib/python3.11/site-packages/pandas/core/strings/accessor.py", line 1814, in replace
    result = res_output.array._str_replace(
             ^^^^^^^^^^^^^^^^^^^^^^^^^^^^^^
  File "/opt/hostedtoolcache/Python/3.11.15/x64/lib/python3.11/site-packages/pandas/core/arrays/string_arrow.py", line 488, in _str_replace
    return ArrowStringArrayMixin._str_replace(
           ^^^^^^^^^^^^^^^^^^^^^^^^^^^^^^^^^^^
  File "/opt/hostedtoolcache/Python/3.11.15/x64/lib/python3.11/site-packages/pandas/core/arrays/_arrow_string_mixins.py", line 267, in _str_replace
    result = func(
             ^^^^^
  File "/opt/hostedtoolcache/Python/3.11.15/x64/lib/python3.11/site-packages/pyarrow/compute.py", line 271, in wrapper
    return func.call(args, options, memory_pool)
           ^^^^^^^^^^^^^^^^^^^^^^^^^^^^^^^^^^^^^
  File "pyarrow/_compute.pyx", line 399, in pyarrow._compute.Function.call
  File "pyarrow/error.pxi", line 155, in pyarrow.lib.pyarrow_internal_check_status
  File "pyarrow/error.pxi", line 92, in pyarrow.lib.check_status
pyarrow.lib.ArrowInvalid: Invalid regular expression: invalid escape sequence: \u
2026-08-12 12:59:07,281 | WARNING | utils | announcement:688017 failed (1/3): '代码'
2026-08-12 12:59:09,180 | WARNING | utils | announcement:688017 failed (2/3): '代码'
2026-08-12 12:59:12,172 | WARNING | utils | announcement:688017 failed (3/3): '代码'
2026-08-12 12:59:12,172 | ERROR | pipeline | collector failed: 688017 announcement
Traceback (most recent call last):
  File "/opt/hostedtoolcache/Python/3.11.15/x64/lib/python3.11/site-packages/pandas/core/indexes/base.py", line 3641, in get_loc
    return self._engine.get_loc(casted_key)
           ^^^^^^^^^^^^^^^^^^^^^^^^^^^^^^^^
  File "pandas/_libs/index.pyx", line 168, in pandas._libs.index.IndexEngine.get_loc
  File "pandas/_libs/index.pyx", line 197, in pandas._libs.index.IndexEngine.get_loc
  File "pandas/_libs/hashtable_class_helper.pxi", line 7668, in pandas._libs.hashtable.PyObjectHashTable.get_item
  File "pandas/_libs/hashtable_class_helper.pxi", line 7676, in pandas._libs.hashtable.PyObjectHashTable.get_item
KeyError: '代码'

The above exception was the direct cause of the following exception:

Traceback (most recent call last):
  File "/home/runner/work/Repository-name-a-stock-radar/Repository-name-a-stock-radar/pipeline.py", line 47, in run_once
    items = fn()
            ^^^^
  File "/home/runner/work/Repository-name-a-stock-radar/Repository-name-a-stock-radar/pipeline.py", line 29, in <lambda>
    ("announcement", lambda: collect_announcements(stock, cutoff, cfg["timezone"])),
                             ^^^^^^^^^^^^^^^^^^^^^^^^^^^^^^^^^^^^^^^^^^^^^^^^^^^^^
  File "/home/runner/work/Repository-name-a-stock-radar/Repository-name-a-stock-radar/collectors/akshare_collectors.py", line 48, in collect_announcements
    df = safe_call(
         ^^^^^^^^^^
  File "/home/runner/work/Repository-name-a-stock-radar/Repository-name-a-stock-radar/utils.py", line 84, in safe_call
    raise last
  File "/home/runner/work/Repository-name-a-stock-radar/Repository-name-a-stock-radar/utils.py", line 78, in safe_call
    return fn(*args, **kwargs)
           ^^^^^^^^^^^^^^^^^^^
  File "/opt/hostedtoolcache/Python/3.11.15/x64/lib/python3.11/site-packages/akshare/stock_fundamental/stock_notice.py", line 168, in stock_individual_notice_report
    return _stock_notice_report(
           ^^^^^^^^^^^^^^^^^^^^^
  File "/opt/hostedtoolcache/Python/3.11.15/x64/lib/python3.11/site-packages/akshare/stock_fundamental/stock_notice.py", line 118, in _stock_notice_report
    big_df["网址"] = url + big_df["代码"] + "/" + big_df["编码"] + ".html"
                           ~~~~~~^^^^^^^^
  File "/opt/hostedtoolcache/Python/3.11.15/x64/lib/python3.11/site-packages/pandas/core/frame.py", line 4378, in __getitem__
    indexer = self.columns.get_loc(key)
              ^^^^^^^^^^^^^^^^^^^^^^^^^
  File "/opt/hostedtoolcache/Python/3.11.15/x64/lib/python3.11/site-packages/pandas/core/indexes/base.py", line 3648, in get_loc
    raise KeyError(key) from err
KeyError: '代码'
2026-08-12 12:59:18,708 | WARNING | utils | fund_flow:688017 failed (1/3): ('Connection aborted.', RemoteDisconnected('Remote end closed connection without response'))
2026-08-12 12:59:20,449 | WARNING | utils | fund_flow:688017 failed (2/3): ('Connection aborted.', RemoteDisconnected('Remote end closed connection without response'))
2026-08-12 12:59:23,386 | WARNING | utils | fund_flow:688017 failed (3/3): ('Connection aborted.', RemoteDisconnected('Remote end closed connection without response'))
2026-08-12 12:59:23,386 | ERROR | pipeline | collector failed: 688017 fund_flow
Traceback (most recent call last):
  File "/opt/hostedtoolcache/Python/3.11.15/x64/lib/python3.11/site-packages/urllib3/connectionpool.py", line 788, in urlopen
    response = self._make_request(
               ^^^^^^^^^^^^^^^^^^^
  File "/opt/hostedtoolcache/Python/3.11.15/x64/lib/python3.11/site-packages/urllib3/connectionpool.py", line 534, in _make_request
    response = conn.getresponse()
               ^^^^^^^^^^^^^^^^^^
  File "/opt/hostedtoolcache/Python/3.11.15/x64/lib/python3.11/site-packages/urllib3/connection.py", line 571, in getresponse
    httplib_response = super().getresponse()
                       ^^^^^^^^^^^^^^^^^^^^^
  File "/opt/hostedtoolcache/Python/3.11.15/x64/lib/python3.11/http/client.py", line 1415, in getresponse
    response.begin()
  File "/opt/hostedtoolcache/Python/3.11.15/x64/lib/python3.11/http/client.py", line 330, in begin
    version, status, reason = self._read_status()
                              ^^^^^^^^^^^^^^^^^^^
  File "/opt/hostedtoolcache/Python/3.11.15/x64/lib/python3.11/http/client.py", line 299, in _read_status
    raise RemoteDisconnected("Remote end closed connection without"
http.client.RemoteDisconnected: Remote end closed connection without response

During handling of the above exception, another exception occurred:

Traceback (most recent call last):
  File "/opt/hostedtoolcache/Python/3.11.15/x64/lib/python3.11/site-packages/requests/adapters.py", line 696, in send
    resp = conn.urlopen(
           ^^^^^^^^^^^^^
  File "/opt/hostedtoolcache/Python/3.11.15/x64/lib/python3.11/site-packages/urllib3/connectionpool.py", line 842, in urlopen
    retries = retries.increment(
              ^^^^^^^^^^^^^^^^^^
  File "/opt/hostedtoolcache/Python/3.11.15/x64/lib/python3.11/site-packages/urllib3/util/retry.py", line 498, in increment
    raise reraise(type(error), error, _stacktrace)
          ^^^^^^^^^^^^^^^^^^^^^^^^^^^^^^^^^^^^^^^^
  File "/opt/hostedtoolcache/Python/3.11.15/x64/lib/python3.11/site-packages/urllib3/util/util.py", line 38, in reraise
    raise value.with_traceback(tb)
  File "/opt/hostedtoolcache/Python/3.11.15/x64/lib/python3.11/site-packages/urllib3/connectionpool.py", line 788, in urlopen
    response = self._make_request(
               ^^^^^^^^^^^^^^^^^^^
  File "/opt/hostedtoolcache/Python/3.11.15/x64/lib/python3.11/site-packages/urllib3/connectionpool.py", line 534, in _make_request
    response = conn.getresponse()
               ^^^^^^^^^^^^^^^^^^
  File "/opt/hostedtoolcache/Python/3.11.15/x64/lib/python3.11/site-packages/urllib3/connection.py", line 571, in getresponse
    httplib_response = super().getresponse()
                       ^^^^^^^^^^^^^^^^^^^^^
  File "/opt/hostedtoolcache/Python/3.11.15/x64/lib/python3.11/http/client.py", line 1415, in getresponse
    response.begin()
  File "/opt/hostedtoolcache/Python/3.11.15/x64/lib/python3.11/http/client.py", line 330, in begin
    version, status, reason = self._read_status()
                              ^^^^^^^^^^^^^^^^^^^
  File "/opt/hostedtoolcache/Python/3.11.15/x64/lib/python3.11/http/client.py", line 299, in _read_status
    raise RemoteDisconnected("Remote end closed connection without"
urllib3.exceptions.ProtocolError: ('Connection aborted.', RemoteDisconnected('Remote end closed connection without response'))

During handling of the above exception, another exception occurred:

Traceback (most recent call last):
  File "/home/runner/work/Repository-name-a-stock-radar/Repository-name-a-stock-radar/pipeline.py", line 47, in run_once
    items = fn()
            ^^^^
  File "/home/runner/work/Repository-name-a-stock-radar/Repository-name-a-stock-radar/pipeline.py", line 32, in <lambda>
    collectors.append(("fund_flow", lambda: collect_eastmoney_fund_flow(stock, cutoff, cfg["timezone"])))
                                            ^^^^^^^^^^^^^^^^^^^^^^^^^^^^^^^^^^^^^^^^^^^^^^^^^^^^^^^^^^^
  File "/home/runner/work/Repository-name-a-stock-radar/Repository-name-a-stock-radar/collectors/akshare_collectors.py", line 79, in collect_eastmoney_fund_flow
    df = safe_call(
         ^^^^^^^^^^
  File "/home/runner/work/Repository-name-a-stock-radar/Repository-name-a-stock-radar/utils.py", line 84, in safe_call
    raise last
  File "/home/runner/work/Repository-name-a-stock-radar/Repository-name-a-stock-radar/utils.py", line 78, in safe_call
    return fn(*args, **kwargs)
           ^^^^^^^^^^^^^^^^^^^
  File "/opt/hostedtoolcache/Python/3.11.15/x64/lib/python3.11/site-packages/akshare/stock/stock_fund_em.py", line 48, in stock_individual_fund_flow
    r = requests.get(url, params=params, headers=headers)
        ^^^^^^^^^^^^^^^^^^^^^^^^^^^^^^^^^^^^^^^^^^^^^^^^^
  File "/opt/hostedtoolcache/Python/3.11.15/x64/lib/python3.11/site-packages/requests/api.py", line 87, in get
    return request("get", url, params=params, **kwargs)
           ^^^^^^^^^^^^^^^^^^^^^^^^^^^^^^^^^^^^^^^^^^^^
  File "/opt/hostedtoolcache/Python/3.11.15/x64/lib/python3.11/site-packages/requests/api.py", line 71, in request
    return session.request(method=method, url=url, **kwargs)
           ^^^^^^^^^^^^^^^^^^^^^^^^^^^^^^^^^^^^^^^^^^^^^^^^^
  File "/opt/hostedtoolcache/Python/3.11.15/x64/lib/python3.11/site-packages/requests/sessions.py", line 651, in request
    resp = self.send(prep, **send_kwargs)
           ^^^^^^^^^^^^^^^^^^^^^^^^^^^^^^
  File "/opt/hostedtoolcache/Python/3.11.15/x64/lib/python3.11/site-packages/requests/sessions.py", line 784, in send
    r = adapter.send(request, **kwargs)
        ^^^^^^^^^^^^^^^^^^^^^^^^^^^^^^^
  File "/opt/hostedtoolcache/Python/3.11.15/x64/lib/python3.11/site-packages/requests/adapters.py", line 711, in send
    raise ConnectionError(err, request=request)
requests.exceptions.ConnectionError: ('Connection aborted.', RemoteDisconnected('Remote end closed connection without response'))
2026-08-12 12:59:56,216 | INFO | pipeline | 688017 big_trade: 0 items
2026-08-12 12:59:58,025 | INFO | pipeline | 688017 ir: 0 items
2026-08-12 13:00:00,588 | WARNING | utils | news:300620 failed (1/3): Invalid regular expression: invalid escape sequence: \u
2026-08-12 13:00:02,498 | WARNING | utils | news:300620 failed (2/3): Invalid regular expression: invalid escape sequence: \u
2026-08-12 13:00:05,901 | WARNING | utils | news:300620 failed (3/3): Invalid regular expression: invalid escape sequence: \u
2026-08-12 13:00:05,901 | ERROR | pipeline | collector failed: 300620 news
Traceback (most recent call last):
  File "/home/runner/work/Repository-name-a-stock-radar/Repository-name-a-stock-radar/pipeline.py", line 47, in run_once
    items = fn()
            ^^^^
  File "/home/runner/work/Repository-name-a-stock-radar/Repository-name-a-stock-radar/pipeline.py", line 28, in <lambda>
    ("news", lambda: collect_news(stock, cutoff, cfg["timezone"])),
                     ^^^^^^^^^^^^^^^^^^^^^^^^^^^^^^^^^^^^^^^^^^^^
  File "/home/runner/work/Repository-name-a-stock-radar/Repository-name-a-stock-radar/collectors/akshare_collectors.py", line 24, in collect_news
    df = safe_call(f"news:{stock.code}", ak.stock_news_em, symbol=stock.code)
         ^^^^^^^^^^^^^^^^^^^^^^^^^^^^^^^^^^^^^^^^^^^^^^^^^^^^^^^^^^^^^^^^^^^^
  File "/home/runner/work/Repository-name-a-stock-radar/Repository-name-a-stock-radar/utils.py", line 84, in safe_call
    raise last
  File "/home/runner/work/Repository-name-a-stock-radar/Repository-name-a-stock-radar/utils.py", line 78, in safe_call
    return fn(*args, **kwargs)
           ^^^^^^^^^^^^^^^^^^^
  File "/opt/hostedtoolcache/Python/3.11.15/x64/lib/python3.11/site-packages/akshare/news/news_stock.py", line 116, in stock_news_em
    temp_df["新闻内容"] = temp_df["新闻内容"].str.replace(r"\u3000", "", regex=True)
                          ^^^^^^^^^^^^^^^^^^^^^^^^^^^^^^^^^^^^^^^^^^^^^^^^^^^^^^^^^^
  File "/opt/hostedtoolcache/Python/3.11.15/x64/lib/python3.11/site-packages/pandas/core/strings/accessor.py", line 142, in wrapper
    return func(self, *args, **kwargs)
           ^^^^^^^^^^^^^^^^^^^^^^^^^^^
  File "/opt/hostedtoolcache/Python/3.11.15/x64/lib/python3.11/site-packages/pandas/core/strings/accessor.py", line 1814, in replace
    result = res_output.array._str_replace(
             ^^^^^^^^^^^^^^^^^^^^^^^^^^^^^^
  File "/opt/hostedtoolcache/Python/3.11.15/x64/lib/python3.11/site-packages/pandas/core/arrays/string_arrow.py", line 488, in _str_replace
    return ArrowStringArrayMixin._str_replace(
           ^^^^^^^^^^^^^^^^^^^^^^^^^^^^^^^^^^^
  File "/opt/hostedtoolcache/Python/3.11.15/x64/lib/python3.11/site-packages/pandas/core/arrays/_arrow_string_mixins.py", line 267, in _str_replace
    result = func(
             ^^^^^
  File "/opt/hostedtoolcache/Python/3.11.15/x64/lib/python3.11/site-packages/pyarrow/compute.py", line 271, in wrapper
    return func.call(args, options, memory_pool)
           ^^^^^^^^^^^^^^^^^^^^^^^^^^^^^^^^^^^^^
  File "pyarrow/_compute.pyx", line 399, in pyarrow._compute.Function.call
  File "pyarrow/error.pxi", line 155, in pyarrow.lib.pyarrow_internal_check_status
  File "pyarrow/error.pxi", line 92, in pyarrow.lib.check_status
pyarrow.lib.ArrowInvalid: Invalid regular expression: invalid escape sequence: \u
2026-08-12 13:00:07,473 | WARNING | utils | announcement:300620 failed (1/3): '代码'
2026-08-12 13:00:09,344 | WARNING | utils | announcement:300620 failed (2/3): '代码'
2026-08-12 13:00:12,537 | WARNING | utils | announcement:300620 failed (3/3): '代码'
2026-08-12 13:00:12,538 | ERROR | pipeline | collector failed: 300620 announcement
Traceback (most recent call last):
  File "/opt/hostedtoolcache/Python/3.11.15/x64/lib/python3.11/site-packages/pandas/core/indexes/base.py", line 3641, in get_loc
    return self._engine.get_loc(casted_key)
           ^^^^^^^^^^^^^^^^^^^^^^^^^^^^^^^^
  File "pandas/_libs/index.pyx", line 168, in pandas._libs.index.IndexEngine.get_loc
  File "pandas/_libs/index.pyx", line 197, in pandas._libs.index.IndexEngine.get_loc
  File "pandas/_libs/hashtable_class_helper.pxi", line 7668, in pandas._libs.hashtable.PyObjectHashTable.get_item
  File "pandas/_libs/hashtable_class_helper.pxi", line 7676, in pandas._libs.hashtable.PyObjectHashTable.get_item
KeyError: '代码'

The above exception was the direct cause of the following exception:

Traceback (most recent call last):
  File "/home/runner/work/Repository-name-a-stock-radar/Repository-name-a-stock-radar/pipeline.py", line 47, in run_once
    items = fn()
            ^^^^
  File "/home/runner/work/Repository-name-a-stock-radar/Repository-name-a-stock-radar/pipeline.py", line 29, in <lambda>
    ("announcement", lambda: collect_announcements(stock, cutoff, cfg["timezone"])),
                             ^^^^^^^^^^^^^^^^^^^^^^^^^^^^^^^^^^^^^^^^^^^^^^^^^^^^^
  File "/home/runner/work/Repository-name-a-stock-radar/Repository-name-a-stock-radar/collectors/akshare_collectors.py", line 48, in collect_announcements
    df = safe_call(
         ^^^^^^^^^^
  File "/home/runner/work/Repository-name-a-stock-radar/Repository-name-a-stock-radar/utils.py", line 84, in safe_call
    raise last
  File "/home/runner/work/Repository-name-a-stock-radar/Repository-name-a-stock-radar/utils.py", line 78, in safe_call
    return fn(*args, **kwargs)
           ^^^^^^^^^^^^^^^^^^^
  File "/opt/hostedtoolcache/Python/3.11.15/x64/lib/python3.11/site-packages/akshare/stock_fundamental/stock_notice.py", line 168, in stock_individual_notice_report
    return _stock_notice_report(
           ^^^^^^^^^^^^^^^^^^^^^
  File "/opt/hostedtoolcache/Python/3.11.15/x64/lib/python3.11/site-packages/akshare/stock_fundamental/stock_notice.py", line 118, in _stock_notice_report
    big_df["网址"] = url + big_df["代码"] + "/" + big_df["编码"] + ".html"
                           ~~~~~~^^^^^^^^
  File "/opt/hostedtoolcache/Python/3.11.15/x64/lib/python3.11/site-packages/pandas/core/frame.py", line 4378, in __getitem__
    indexer = self.columns.get_loc(key)
              ^^^^^^^^^^^^^^^^^^^^^^^^^
  File "/opt/hostedtoolcache/Python/3.11.15/x64/lib/python3.11/site-packages/pandas/core/indexes/base.py", line 3648, in get_loc
    raise KeyError(key) from err
KeyError: '代码'
2026-08-12 13:00:14,320 | WARNING | utils | fund_flow:300620 failed (1/3): ('Connection aborted.', RemoteDisconnected('Remote end closed connection without response'))
2026-08-12 13:00:16,224 | WARNING | utils | fund_flow:300620 failed (2/3): ('Connection aborted.', RemoteDisconnected('Remote end closed connection without response'))
2026-08-12 13:00:20,185 | WARNING | utils | fund_flow:300620 failed (3/3): ('Connection aborted.', RemoteDisconnected('Remote end closed connection without response'))
2026-08-12 13:00:20,185 | ERROR | pipeline | collector failed: 300620 fund_flow
Traceback (most recent call last):
  File "/opt/hostedtoolcache/Python/3.11.15/x64/lib/python3.11/site-packages/urllib3/connectionpool.py", line 788, in urlopen
    response = self._make_request(
               ^^^^^^^^^^^^^^^^^^^
  File "/opt/hostedtoolcache/Python/3.11.15/x64/lib/python3.11/site-packages/urllib3/connectionpool.py", line 534, in _make_request
    response = conn.getresponse()
               ^^^^^^^^^^^^^^^^^^
  File "/opt/hostedtoolcache/Python/3.11.15/x64/lib/python3.11/site-packages/urllib3/connection.py", line 571, in getresponse
    httplib_response = super().getresponse()
                       ^^^^^^^^^^^^^^^^^^^^^
  File "/opt/hostedtoolcache/Python/3.11.15/x64/lib/python3.11/http/client.py", line 1415, in getresponse
    response.begin()
  File "/opt/hostedtoolcache/Python/3.11.15/x64/lib/python3.11/http/client.py", line 330, in begin
    version, status, reason = self._read_status()
                              ^^^^^^^^^^^^^^^^^^^
  File "/opt/hostedtoolcache/Python/3.11.15/x64/lib/python3.11/http/client.py", line 299, in _read_status
    raise RemoteDisconnected("Remote end closed connection without"
http.client.RemoteDisconnected: Remote end closed connection without response

During handling of the above exception, another exception occurred:

Traceback (most recent call last):
  File "/opt/hostedtoolcache/Python/3.11.15/x64/lib/python3.11/site-packages/requests/adapters.py", line 696, in send
    resp = conn.urlopen(
           ^^^^^^^^^^^^^
  File "/opt/hostedtoolcache/Python/3.11.15/x64/lib/python3.11/site-packages/urllib3/connectionpool.py", line 842, in urlopen
    retries = retries.increment(
              ^^^^^^^^^^^^^^^^^^
  File "/opt/hostedtoolcache/Python/3.11.15/x64/lib/python3.11/site-packages/urllib3/util/retry.py", line 498, in increment
    raise reraise(type(error), error, _stacktrace)
          ^^^^^^^^^^^^^^^^^^^^^^^^^^^^^^^^^^^^^^^^
  File "/opt/hostedtoolcache/Python/3.11.15/x64/lib/python3.11/site-packages/urllib3/util/util.py", line 38, in reraise
    raise value.with_traceback(tb)
  File "/opt/hostedtoolcache/Python/3.11.15/x64/lib/python3.11/site-packages/urllib3/connectionpool.py", line 788, in urlopen
    response = self._make_request(
               ^^^^^^^^^^^^^^^^^^^
  File "/opt/hostedtoolcache/Python/3.11.15/x64/lib/python3.11/site-packages/urllib3/connectionpool.py", line 534, in _make_request
    response = conn.getresponse()
               ^^^^^^^^^^^^^^^^^^
  File "/opt/hostedtoolcache/Python/3.11.15/x64/lib/python3.11/site-packages/urllib3/connection.py", line 571, in getresponse
    httplib_response = super().getresponse()
                       ^^^^^^^^^^^^^^^^^^^^^
  File "/opt/hostedtoolcache/Python/3.11.15/x64/lib/python3.11/http/client.py", line 1415, in getresponse
    response.begin()
  File "/opt/hostedtoolcache/Python/3.11.15/x64/lib/python3.11/http/client.py", line 330, in begin
    version, status, reason = self._read_status()
                              ^^^^^^^^^^^^^^^^^^^
  File "/opt/hostedtoolcache/Python/3.11.15/x64/lib/python3.11/http/client.py", line 299, in _read_status
    raise RemoteDisconnected("Remote end closed connection without"
urllib3.exceptions.ProtocolError: ('Connection aborted.', RemoteDisconnected('Remote end closed connection without response'))

During handling of the above exception, another exception occurred:

Traceback (most recent call last):
  File "/home/runner/work/Repository-name-a-stock-radar/Repository-name-a-stock-radar/pipeline.py", line 47, in run_once
    items = fn()
            ^^^^
  File "/home/runner/work/Repository-name-a-stock-radar/Repository-name-a-stock-radar/pipeline.py", line 32, in <lambda>
    collectors.append(("fund_flow", lambda: collect_eastmoney_fund_flow(stock, cutoff, cfg["timezone"])))
                                            ^^^^^^^^^^^^^^^^^^^^^^^^^^^^^^^^^^^^^^^^^^^^^^^^^^^^^^^^^^^
  File "/home/runner/work/Repository-name-a-stock-radar/Repository-name-a-stock-radar/collectors/akshare_collectors.py", line 79, in collect_eastmoney_fund_flow
    df = safe_call(
         ^^^^^^^^^^
  File "/home/runner/work/Repository-name-a-stock-radar/Repository-name-a-stock-radar/utils.py", line 84, in safe_call
    raise last
  File "/home/runner/work/Repository-name-a-stock-radar/Repository-name-a-stock-radar/utils.py", line 78, in safe_call
    return fn(*args, **kwargs)
           ^^^^^^^^^^^^^^^^^^^
  File "/opt/hostedtoolcache/Python/3.11.15/x64/lib/python3.11/site-packages/akshare/stock/stock_fund_em.py", line 48, in stock_individual_fund_flow
    r = requests.get(url, params=params, headers=headers)
        ^^^^^^^^^^^^^^^^^^^^^^^^^^^^^^^^^^^^^^^^^^^^^^^^^
  File "/opt/hostedtoolcache/Python/3.11.15/x64/lib/python3.11/site-packages/requests/api.py", line 87, in get
    return request("get", url, params=params, **kwargs)
           ^^^^^^^^^^^^^^^^^^^^^^^^^^^^^^^^^^^^^^^^^^^^
  File "/opt/hostedtoolcache/Python/3.11.15/x64/lib/python3.11/site-packages/requests/api.py", line 71, in request
    return session.request(method=method, url=url, **kwargs)
           ^^^^^^^^^^^^^^^^^^^^^^^^^^^^^^^^^^^^^^^^^^^^^^^^^
  File "/opt/hostedtoolcache/Python/3.11.15/x64/lib/python3.11/site-packages/requests/sessions.py", line 651, in request
    resp = self.send(prep, **send_kwargs)
           ^^^^^^^^^^^^^^^^^^^^^^^^^^^^^^
  File "/opt/hostedtoolcache/Python/3.11.15/x64/lib/python3.11/site-packages/requests/sessions.py", line 784, in send
    r = adapter.send(request, **kwargs)
        ^^^^^^^^^^^^^^^^^^^^^^^^^^^^^^^
  File "/opt/hostedtoolcache/Python/3.11.15/x64/lib/python3.11/site-packages/requests/adapters.py", line 711, in send
    raise ConnectionError(err, request=request)
requests.exceptions.ConnectionError: ('Connection aborted.', RemoteDisconnected('Remote end closed connection without response'))
2026-08-12 13:00:54,428 | INFO | pipeline | 300620 big_trade: 0 items
2026-08-12 13:00:59,437 | INFO | pipeline | 300620 ir: 0 items
2026-08-12 13:01:01,247 | WARNING | utils | news:688825 failed (1/3): Invalid regular expression: invalid escape sequence: \u
2026-08-12 13:01:03,451 | WARNING | utils | news:688825 failed (2/3): Invalid regular expression: invalid escape sequence: \u
2026-08-12 13:01:08,247 | WARNING | utils | news:688825 failed (3/3): Invalid regular expression: invalid escape sequence: \u
2026-08-12 13:01:08,247 | ERROR | pipeline | collector failed: 688825 news
Traceback (most recent call last):
  File "/home/runner/work/Repository-name-a-stock-radar/Repository-name-a-stock-radar/pipeline.py", line 47, in run_once
    items = fn()
            ^^^^
  File "/home/runner/work/Repository-name-a-stock-radar/Repository-name-a-stock-radar/pipeline.py", line 28, in <lambda>
    ("news", lambda: collect_news(stock, cutoff, cfg["timezone"])),
                     ^^^^^^^^^^^^^^^^^^^^^^^^^^^^^^^^^^^^^^^^^^^^
  File "/home/runner/work/Repository-name-a-stock-radar/Repository-name-a-stock-radar/collectors/akshare_collectors.py", line 24, in collect_news
    df = safe_call(f"news:{stock.code}", ak.stock_news_em, symbol=stock.code)
         ^^^^^^^^^^^^^^^^^^^^^^^^^^^^^^^^^^^^^^^^^^^^^^^^^^^^^^^^^^^^^^^^^^^^
  File "/home/runner/work/Repository-name-a-stock-radar/Repository-name-a-stock-radar/utils.py", line 84, in safe_call
    raise last
  File "/home/runner/work/Repository-name-a-stock-radar/Repository-name-a-stock-radar/utils.py", line 78, in safe_call
    return fn(*args, **kwargs)
           ^^^^^^^^^^^^^^^^^^^
  File "/opt/hostedtoolcache/Python/3.11.15/x64/lib/python3.11/site-packages/akshare/news/news_stock.py", line 116, in stock_news_em
    temp_df["新闻内容"] = temp_df["新闻内容"].str.replace(r"\u3000", "", regex=True)
                          ^^^^^^^^^^^^^^^^^^^^^^^^^^^^^^^^^^^^^^^^^^^^^^^^^^^^^^^^^^
  File "/opt/hostedtoolcache/Python/3.11.15/x64/lib/python3.11/site-packages/pandas/core/strings/accessor.py", line 142, in wrapper
    return func(self, *args, **kwargs)
           ^^^^^^^^^^^^^^^^^^^^^^^^^^^
  File "/opt/hostedtoolcache/Python/3.11.15/x64/lib/python3.11/site-packages/pandas/core/strings/accessor.py", line 1814, in replace
    result = res_output.array._str_replace(
             ^^^^^^^^^^^^^^^^^^^^^^^^^^^^^^
  File "/opt/hostedtoolcache/Python/3.11.15/x64/lib/python3.11/site-packages/pandas/core/arrays/string_arrow.py", line 488, in _str_replace
    return ArrowStringArrayMixin._str_replace(
           ^^^^^^^^^^^^^^^^^^^^^^^^^^^^^^^^^^^
  File "/opt/hostedtoolcache/Python/3.11.15/x64/lib/python3.11/site-packages/pandas/core/arrays/_arrow_string_mixins.py", line 267, in _str_replace
    result = func(
             ^^^^^
  File "/opt/hostedtoolcache/Python/3.11.15/x64/lib/python3.11/site-packages/pyarrow/compute.py", line 271, in wrapper
    return func.call(args, options, memory_pool)
           ^^^^^^^^^^^^^^^^^^^^^^^^^^^^^^^^^^^^^
  File "pyarrow/_compute.pyx", line 399, in pyarrow._compute.Function.call
  File "pyarrow/error.pxi", line 155, in pyarrow.lib.pyarrow_internal_check_status
  File "pyarrow/error.pxi", line 92, in pyarrow.lib.check_status
pyarrow.lib.ArrowInvalid: Invalid regular expression: invalid escape sequence: \u
2026-08-12 13:01:10,014 | WARNING | utils | announcement:688825 failed (1/3): '代码'
2026-08-12 13:01:11,973 | WARNING | utils | announcement:688825 failed (2/3): '代码'
2026-08-12 13:01:15,089 | WARNING | utils | announcement:688825 failed (3/3): '代码'
2026-08-12 13:01:15,089 | ERROR | pipeline | collector failed: 688825 announcement
Traceback (most recent call last):
  File "/opt/hostedtoolcache/Python/3.11.15/x64/lib/python3.11/site-packages/pandas/core/indexes/base.py", line 3641, in get_loc
    return self._engine.get_loc(casted_key)
           ^^^^^^^^^^^^^^^^^^^^^^^^^^^^^^^^
  File "pandas/_libs/index.pyx", line 168, in pandas._libs.index.IndexEngine.get_loc
  File "pandas/_libs/index.pyx", line 197, in pandas._libs.index.IndexEngine.get_loc
  File "pandas/_libs/hashtable_class_helper.pxi", line 7668, in pandas._libs.hashtable.PyObjectHashTable.get_item
  File "pandas/_libs/hashtable_class_helper.pxi", line 7676, in pandas._libs.hashtable.PyObjectHashTable.get_item
KeyError: '代码'

The above exception was the direct cause of the following exception:

Traceback (most recent call last):
  File "/home/runner/work/Repository-name-a-stock-radar/Repository-name-a-stock-radar/pipeline.py", line 47, in run_once
    items = fn()
            ^^^^
  File "/home/runner/work/Repository-name-a-stock-radar/Repository-name-a-stock-radar/pipeline.py", line 29, in <lambda>
    ("announcement", lambda: collect_announcements(stock, cutoff, cfg["timezone"])),
                             ^^^^^^^^^^^^^^^^^^^^^^^^^^^^^^^^^^^^^^^^^^^^^^^^^^^^^
  File "/home/runner/work/Repository-name-a-stock-radar/Repository-name-a-stock-radar/collectors/akshare_collectors.py", line 48, in collect_announcements
    df = safe_call(
         ^^^^^^^^^^
  File "/home/runner/work/Repository-name-a-stock-radar/Repository-name-a-stock-radar/utils.py", line 84, in safe_call
    raise last
  File "/home/runner/work/Repository-name-a-stock-radar/Repository-name-a-stock-radar/utils.py", line 78, in safe_call
    return fn(*args, **kwargs)
           ^^^^^^^^^^^^^^^^^^^
  File "/opt/hostedtoolcache/Python/3.11.15/x64/lib/python3.11/site-packages/akshare/stock_fundamental/stock_notice.py", line 168, in stock_individual_notice_report
    return _stock_notice_report(
           ^^^^^^^^^^^^^^^^^^^^^
  File "/opt/hostedtoolcache/Python/3.11.15/x64/lib/python3.11/site-packages/akshare/stock_fundamental/stock_notice.py", line 118, in _stock_notice_report
    big_df["网址"] = url + big_df["代码"] + "/" + big_df["编码"] + ".html"
                           ~~~~~~^^^^^^^^
  File "/opt/hostedtoolcache/Python/3.11.15/x64/lib/python3.11/site-packages/pandas/core/frame.py", line 4378, in __getitem__
    indexer = self.columns.get_loc(key)
              ^^^^^^^^^^^^^^^^^^^^^^^^^
  File "/opt/hostedtoolcache/Python/3.11.15/x64/lib/python3.11/site-packages/pandas/core/indexes/base.py", line 3648, in get_loc
    raise KeyError(key) from err
KeyError: '代码'
2026-08-12 13:01:16,780 | WARNING | utils | fund_flow:688825 failed (1/3): ('Connection aborted.', RemoteDisconnected('Remote end closed connection without response'))
2026-08-12 13:01:18,931 | WARNING | utils | fund_flow:688825 failed (2/3): ('Connection aborted.', RemoteDisconnected('Remote end closed connection without response'))
2026-08-12 13:01:22,053 | WARNING | utils | fund_flow:688825 failed (3/3): ('Connection aborted.', RemoteDisconnected('Remote end closed connection without response'))
2026-08-12 13:01:22,053 | ERROR | pipeline | collector failed: 688825 fund_flow
Traceback (most recent call last):
  File "/opt/hostedtoolcache/Python/3.11.15/x64/lib/python3.11/site-packages/urllib3/connectionpool.py", line 788, in urlopen
    response = self._make_request(
               ^^^^^^^^^^^^^^^^^^^
  File "/opt/hostedtoolcache/Python/3.11.15/x64/lib/python3.11/site-packages/urllib3/connectionpool.py", line 534, in _make_request
    response = conn.getresponse()
               ^^^^^^^^^^^^^^^^^^
  File "/opt/hostedtoolcache/Python/3.11.15/x64/lib/python3.11/site-packages/urllib3/connection.py", line 571, in getresponse
    httplib_response = super().getresponse()
                       ^^^^^^^^^^^^^^^^^^^^^
  File "/opt/hostedtoolcache/Python/3.11.15/x64/lib/python3.11/http/client.py", line 1415, in getresponse
    response.begin()
  File "/opt/hostedtoolcache/Python/3.11.15/x64/lib/python3.11/http/client.py", line 330, in begin
    version, status, reason = self._read_status()
                              ^^^^^^^^^^^^^^^^^^^
  File "/opt/hostedtoolcache/Python/3.11.15/x64/lib/python3.11/http/client.py", line 299, in _read_status
    raise RemoteDisconnected("Remote end closed connection without"
http.client.RemoteDisconnected: Remote end closed connection without response

During handling of the above exception, another exception occurred:

Traceback (most recent call last):
  File "/opt/hostedtoolcache/Python/3.11.15/x64/lib/python3.11/site-packages/requests/adapters.py", line 696, in send
    resp = conn.urlopen(
           ^^^^^^^^^^^^^
  File "/opt/hostedtoolcache/Python/3.11.15/x64/lib/python3.11/site-packages/urllib3/connectionpool.py", line 842, in urlopen
    retries = retries.increment(
              ^^^^^^^^^^^^^^^^^^
  File "/opt/hostedtoolcache/Python/3.11.15/x64/lib/python3.11/site-packages/urllib3/util/retry.py", line 498, in increment
    raise reraise(type(error), error, _stacktrace)
          ^^^^^^^^^^^^^^^^^^^^^^^^^^^^^^^^^^^^^^^^
  File "/opt/hostedtoolcache/Python/3.11.15/x64/lib/python3.11/site-packages/urllib3/util/util.py", line 38, in reraise
    raise value.with_traceback(tb)
  File "/opt/hostedtoolcache/Python/3.11.15/x64/lib/python3.11/site-packages/urllib3/connectionpool.py", line 788, in urlopen
    response = self._make_request(
               ^^^^^^^^^^^^^^^^^^^
  File "/opt/hostedtoolcache/Python/3.11.15/x64/lib/python3.11/site-packages/urllib3/connectionpool.py", line 534, in _make_request
    response = conn.getresponse()
               ^^^^^^^^^^^^^^^^^^
  File "/opt/hostedtoolcache/Python/3.11.15/x64/lib/python3.11/site-packages/urllib3/connection.py", line 571, in getresponse
    httplib_response = super().getresponse()
                       ^^^^^^^^^^^^^^^^^^^^^
  File "/opt/hostedtoolcache/Python/3.11.15/x64/lib/python3.11/http/client.py", line 1415, in getresponse
    response.begin()
  File "/opt/hostedtoolcache/Python/3.11.15/x64/lib/python3.11/http/client.py", line 330, in begin
    version, status, reason = self._read_status()
                              ^^^^^^^^^^^^^^^^^^^
  File "/opt/hostedtoolcache/Python/3.11.15/x64/lib/python3.11/http/client.py", line 299, in _read_status
    raise RemoteDisconnected("Remote end closed connection without"
urllib3.exceptions.ProtocolError: ('Connection aborted.', RemoteDisconnected('Remote end closed connection without response'))

During handling of the above exception, another exception occurred:

Traceback (most recent call last):
  File "/home/runner/work/Repository-name-a-stock-radar/Repository-name-a-stock-radar/pipeline.py", line 47, in run_once
    items = fn()
            ^^^^
  File "/home/runner/work/Repository-name-a-stock-radar/Repository-name-a-stock-radar/pipeline.py", line 32, in <lambda>
    collectors.append(("fund_flow", lambda: collect_eastmoney_fund_flow(stock, cutoff, cfg["timezone"])))
                                            ^^^^^^^^^^^^^^^^^^^^^^^^^^^^^^^^^^^^^^^^^^^^^^^^^^^^^^^^^^^
  File "/home/runner/work/Repository-name-a-stock-radar/Repository-name-a-stock-radar/collectors/akshare_collectors.py", line 79, in collect_eastmoney_fund_flow
    df = safe_call(
         ^^^^^^^^^^
  File "/home/runner/work/Repository-name-a-stock-radar/Repository-name-a-stock-radar/utils.py", line 84, in safe_call
    raise last
  File "/home/runner/work/Repository-name-a-stock-radar/Repository-name-a-stock-radar/utils.py", line 78, in safe_call
    return fn(*args, **kwargs)
           ^^^^^^^^^^^^^^^^^^^
  File "/opt/hostedtoolcache/Python/3.11.15/x64/lib/python3.11/site-packages/akshare/stock/stock_fund_em.py", line 48, in stock_individual_fund_flow
    r = requests.get(url, params=params, headers=headers)
        ^^^^^^^^^^^^^^^^^^^^^^^^^^^^^^^^^^^^^^^^^^^^^^^^^
  File "/opt/hostedtoolcache/Python/3.11.15/x64/lib/python3.11/site-packages/requests/api.py", line 87, in get
    return request("get", url, params=params, **kwargs)
           ^^^^^^^^^^^^^^^^^^^^^^^^^^^^^^^^^^^^^^^^^^^^
  File "/opt/hostedtoolcache/Python/3.11.15/x64/lib/python3.11/site-packages/requests/api.py", line 71, in request
    return session.request(method=method, url=url, **kwargs)
           ^^^^^^^^^^^^^^^^^^^^^^^^^^^^^^^^^^^^^^^^^^^^^^^^^
  File "/opt/hostedtoolcache/Python/3.11.15/x64/lib/python3.11/site-packages/requests/sessions.py", line 651, in request
    resp = self.send(prep, **send_kwargs)
           ^^^^^^^^^^^^^^^^^^^^^^^^^^^^^^
  File "/opt/hostedtoolcache/Python/3.11.15/x64/lib/python3.11/site-packages/requests/sessions.py", line 784, in send
    r = adapter.send(request, **kwargs)
        ^^^^^^^^^^^^^^^^^^^^^^^^^^^^^^^
  File "/opt/hostedtoolcache/Python/3.11.15/x64/lib/python3.11/site-packages/requests/adapters.py", line 711, in send
    raise ConnectionError(err, request=request)
requests.exceptions.ConnectionError: ('Connection aborted.', RemoteDisconnected('Remote end closed connection without response'))
2026-08-12 13:01:57,638 | INFO | pipeline | 688825 big_trade: 0 items
2026-08-12 13:01:58,438 | WARNING | utils | einteraction:688825 failed (1/3): '688825'
2026-08-12 13:01:59,639 | WARNING | utils | einteraction:688825 failed (2/3): '688825'
2026-08-12 13:02:02,039 | WARNING | utils | einteraction:688825 failed (3/3): '688825'
2026-08-12 13:02:02,039 | ERROR | pipeline | collector failed: 688825 ir
Traceback (most recent call last):
  File "/home/runner/work/Repository-name-a-stock-radar/Repository-name-a-stock-radar/pipeline.py", line 47, in run_once
    items = fn()
            ^^^^
  File "/home/runner/work/Repository-name-a-stock-radar/Repository-name-a-stock-radar/pipeline.py", line 41, in <lambda>
    collectors.append(("ir", lambda: collect_ir(stock, cutoff, cfg["timezone"])))
                                     ^^^^^^^^^^^^^^^^^^^^^^^^^^^^^^^^^^^^^^^^^^
  File "/home/runner/work/Repository-name-a-stock-radar/Repository-name-a-stock-radar/collectors/akshare_collectors.py", line 178, in collect_ir
    df = safe_call(f"einteraction:{stock.code}", ak.stock_sns_sseinfo, symbol=stock.code)
         ^^^^^^^^^^^^^^^^^^^^^^^^^^^^^^^^^^^^^^^^^^^^^^^^^^^^^^^^^^^^^^^^^^^^^^^^^^^^^^^^
  File "/home/runner/work/Repository-name-a-stock-radar/Repository-name-a-stock-radar/utils.py", line 84, in safe_call
    raise last
  File "/home/runner/work/Repository-name-a-stock-radar/Repository-name-a-stock-radar/utils.py", line 78, in safe_call
    return fn(*args, **kwargs)
           ^^^^^^^^^^^^^^^^^^^
  File "/opt/hostedtoolcache/Python/3.11.15/x64/lib/python3.11/site-packages/akshare/stock_feature/stock_sns_sseinfo.py", line 71, in stock_sns_sseinfo
    "uid": code_uid_map[symbol],
           ~~~~~~~~~~~~^^^^^^^^
KeyError: '688825'
2026-08-12 13:02:03,862 | WARNING | utils | news:300373 failed (1/3): Invalid regular expression: invalid escape sequence: \u
2026-08-12 13:02:05,813 | WARNING | utils | news:300373 failed (2/3): Invalid regular expression: invalid escape sequence: \u
2026-08-12 13:02:08,957 | WARNING | utils | news:300373 failed (3/3): Invalid regular expression: invalid escape sequence: \u
2026-08-12 13:02:08,957 | ERROR | pipeline | collector failed: 300373 news
Traceback (most recent call last):
  File "/home/runner/work/Repository-name-a-stock-radar/Repository-name-a-stock-radar/pipeline.py", line 47, in run_once
    items = fn()
            ^^^^
  File "/home/runner/work/Repository-name-a-stock-radar/Repository-name-a-stock-radar/pipeline.py", line 28, in <lambda>
    ("news", lambda: collect_news(stock, cutoff, cfg["timezone"])),
                     ^^^^^^^^^^^^^^^^^^^^^^^^^^^^^^^^^^^^^^^^^^^^
  File "/home/runner/work/Repository-name-a-stock-radar/Repository-name-a-stock-radar/collectors/akshare_collectors.py", line 24, in collect_news
    df = safe_call(f"news:{stock.code}", ak.stock_news_em, symbol=stock.code)
         ^^^^^^^^^^^^^^^^^^^^^^^^^^^^^^^^^^^^^^^^^^^^^^^^^^^^^^^^^^^^^^^^^^^^
  File "/home/runner/work/Repository-name-a-stock-radar/Repository-name-a-stock-radar/utils.py", line 84, in safe_call
    raise last
  File "/home/runner/work/Repository-name-a-stock-radar/Repository-name-a-stock-radar/utils.py", line 78, in safe_call
    return fn(*args, **kwargs)
           ^^^^^^^^^^^^^^^^^^^
  File "/opt/hostedtoolcache/Python/3.11.15/x64/lib/python3.11/site-packages/akshare/news/news_stock.py", line 116, in stock_news_em
    temp_df["新闻内容"] = temp_df["新闻内容"].str.replace(r"\u3000", "", regex=True)
                          ^^^^^^^^^^^^^^^^^^^^^^^^^^^^^^^^^^^^^^^^^^^^^^^^^^^^^^^^^^
  File "/opt/hostedtoolcache/Python/3.11.15/x64/lib/python3.11/site-packages/pandas/core/strings/accessor.py", line 142, in wrapper
    return func(self, *args, **kwargs)
           ^^^^^^^^^^^^^^^^^^^^^^^^^^^
  File "/opt/hostedtoolcache/Python/3.11.15/x64/lib/python3.11/site-packages/pandas/core/strings/accessor.py", line 1814, in replace
    result = res_output.array._str_replace(
             ^^^^^^^^^^^^^^^^^^^^^^^^^^^^^^
  File "/opt/hostedtoolcache/Python/3.11.15/x64/lib/python3.11/site-packages/pandas/core/arrays/string_arrow.py", line 488, in _str_replace
    return ArrowStringArrayMixin._str_replace(
           ^^^^^^^^^^^^^^^^^^^^^^^^^^^^^^^^^^^
  File "/opt/hostedtoolcache/Python/3.11.15/x64/lib/python3.11/site-packages/pandas/core/arrays/_arrow_string_mixins.py", line 267, in _str_replace
    result = func(
             ^^^^^
  File "/opt/hostedtoolcache/Python/3.11.15/x64/lib/python3.11/site-packages/pyarrow/compute.py", line 271, in wrapper
    return func.call(args, options, memory_pool)
           ^^^^^^^^^^^^^^^^^^^^^^^^^^^^^^^^^^^^^
  File "pyarrow/_compute.pyx", line 399, in pyarrow._compute.Function.call
  File "pyarrow/error.pxi", line 155, in pyarrow.lib.pyarrow_internal_check_status
  File "pyarrow/error.pxi", line 92, in pyarrow.lib.check_status
pyarrow.lib.ArrowInvalid: Invalid regular expression: invalid escape sequence: \u
2026-08-12 13:02:10,623 | WARNING | utils | announcement:300373 failed (1/3): '代码'
2026-08-12 13:02:12,492 | WARNING | utils | announcement:300373 failed (2/3): '代码'
2026-08-12 13:02:16,092 | WARNING | utils | announcement:300373 failed (3/3): '代码'
2026-08-12 13:02:16,092 | ERROR | pipeline | collector failed: 300373 announcement
Traceback (most recent call last):
  File "/opt/hostedtoolcache/Python/3.11.15/x64/lib/python3.11/site-packages/pandas/core/indexes/base.py", line 3641, in get_loc
    return self._engine.get_loc(casted_key)
           ^^^^^^^^^^^^^^^^^^^^^^^^^^^^^^^^
  File "pandas/_libs/index.pyx", line 168, in pandas._libs.index.IndexEngine.get_loc
  File "pandas/_libs/index.pyx", line 197, in pandas._libs.index.IndexEngine.get_loc
  File "pandas/_libs/hashtable_class_helper.pxi", line 7668, in pandas._libs.hashtable.PyObjectHashTable.get_item
  File "pandas/_libs/hashtable_class_helper.pxi", line 7676, in pandas._libs.hashtable.PyObjectHashTable.get_item
KeyError: '代码'

The above exception was the direct cause of the following exception:

Traceback (most recent call last):
  File "/home/runner/work/Repository-name-a-stock-radar/Repository-name-a-stock-radar/pipeline.py", line 47, in run_once
    items = fn()
            ^^^^
  File "/home/runner/work/Repository-name-a-stock-radar/Repository-name-a-stock-radar/pipeline.py", line 29, in <lambda>
    ("announcement", lambda: collect_announcements(stock, cutoff, cfg["timezone"])),
                             ^^^^^^^^^^^^^^^^^^^^^^^^^^^^^^^^^^^^^^^^^^^^^^^^^^^^^
  File "/home/runner/work/Repository-name-a-stock-radar/Repository-name-a-stock-radar/collectors/akshare_collectors.py", line 48, in collect_announcements
    df = safe_call(
         ^^^^^^^^^^
  File "/home/runner/work/Repository-name-a-stock-radar/Repository-name-a-stock-radar/utils.py", line 84, in safe_call
    raise last
  File "/home/runner/work/Repository-name-a-stock-radar/Repository-name-a-stock-radar/utils.py", line 78, in safe_call
    return fn(*args, **kwargs)
           ^^^^^^^^^^^^^^^^^^^
  File "/opt/hostedtoolcache/Python/3.11.15/x64/lib/python3.11/site-packages/akshare/stock_fundamental/stock_notice.py", line 168, in stock_individual_notice_report
    return _stock_notice_report(
           ^^^^^^^^^^^^^^^^^^^^^
  File "/opt/hostedtoolcache/Python/3.11.15/x64/lib/python3.11/site-packages/akshare/stock_fundamental/stock_notice.py", line 118, in _stock_notice_report
    big_df["网址"] = url + big_df["代码"] + "/" + big_df["编码"] + ".html"
                           ~~~~~~^^^^^^^^
  File "/opt/hostedtoolcache/Python/3.11.15/x64/lib/python3.11/site-packages/pandas/core/frame.py", line 4378, in __getitem__
    indexer = self.columns.get_loc(key)
              ^^^^^^^^^^^^^^^^^^^^^^^^^
  File "/opt/hostedtoolcache/Python/3.11.15/x64/lib/python3.11/site-packages/pandas/core/indexes/base.py", line 3648, in get_loc
    raise KeyError(key) from err
KeyError: '代码'
2026-08-12 13:02:17,861 | WARNING | utils | fund_flow:300373 failed (1/3): ('Connection aborted.', RemoteDisconnected('Remote end closed connection without response'))
2026-08-12 13:02:21,538 | WARNING | utils | fund_flow:300373 failed (2/3): ('Connection aborted.', RemoteDisconnected('Remote end closed connection without response'))
2026-08-12 13:02:25,582 | WARNING | utils | fund_flow:300373 failed (3/3): ('Connection aborted.', RemoteDisconnected('Remote end closed connection without response'))
2026-08-12 13:02:25,582 | ERROR | pipeline | collector failed: 300373 fund_flow
Traceback (most recent call last):
  File "/opt/hostedtoolcache/Python/3.11.15/x64/lib/python3.11/site-packages/urllib3/connectionpool.py", line 788, in urlopen
    response = self._make_request(
               ^^^^^^^^^^^^^^^^^^^
  File "/opt/hostedtoolcache/Python/3.11.15/x64/lib/python3.11/site-packages/urllib3/connectionpool.py", line 534, in _make_request
    response = conn.getresponse()
               ^^^^^^^^^^^^^^^^^^
  File "/opt/hostedtoolcache/Python/3.11.15/x64/lib/python3.11/site-packages/urllib3/connection.py", line 571, in getresponse
    httplib_response = super().getresponse()
                       ^^^^^^^^^^^^^^^^^^^^^
  File "/opt/hostedtoolcache/Python/3.11.15/x64/lib/python3.11/http/client.py", line 1415, in getresponse
    response.begin()
  File "/opt/hostedtoolcache/Python/3.11.15/x64/lib/python3.11/http/client.py", line 330, in begin
    version, status, reason = self._read_status()
                              ^^^^^^^^^^^^^^^^^^^
  File "/opt/hostedtoolcache/Python/3.11.15/x64/lib/python3.11/http/client.py", line 299, in _read_status
    raise RemoteDisconnected("Remote end closed connection without"
http.client.RemoteDisconnected: Remote end closed connection without response

During handling of the above exception, another exception occurred:

Traceback (most recent call last):
  File "/opt/hostedtoolcache/Python/3.11.15/x64/lib/python3.11/site-packages/requests/adapters.py", line 696, in send
    resp = conn.urlopen(
           ^^^^^^^^^^^^^
  File "/opt/hostedtoolcache/Python/3.11.15/x64/lib/python3.11/site-packages/urllib3/connectionpool.py", line 842, in urlopen
    retries = retries.increment(
              ^^^^^^^^^^^^^^^^^^
  File "/opt/hostedtoolcache/Python/3.11.15/x64/lib/python3.11/site-packages/urllib3/util/retry.py", line 498, in increment
    raise reraise(type(error), error, _stacktrace)
          ^^^^^^^^^^^^^^^^^^^^^^^^^^^^^^^^^^^^^^^^
  File "/opt/hostedtoolcache/Python/3.11.15/x64/lib/python3.11/site-packages/urllib3/util/util.py", line 38, in reraise
    raise value.with_traceback(tb)
  File "/opt/hostedtoolcache/Python/3.11.15/x64/lib/python3.11/site-packages/urllib3/connectionpool.py", line 788, in urlopen
    response = self._make_request(
               ^^^^^^^^^^^^^^^^^^^
  File "/opt/hostedtoolcache/Python/3.11.15/x64/lib/python3.11/site-packages/urllib3/connectionpool.py", line 534, in _make_request
    response = conn.getresponse()
               ^^^^^^^^^^^^^^^^^^
  File "/opt/hostedtoolcache/Python/3.11.15/x64/lib/python3.11/site-packages/urllib3/connection.py", line 571, in getresponse
    httplib_response = super().getresponse()
                       ^^^^^^^^^^^^^^^^^^^^^
  File "/opt/hostedtoolcache/Python/3.11.15/x64/lib/python3.11/http/client.py", line 1415, in getresponse
    response.begin()
  File "/opt/hostedtoolcache/Python/3.11.15/x64/lib/python3.11/http/client.py", line 330, in begin
    version, status, reason = self._read_status()
                              ^^^^^^^^^^^^^^^^^^^
  File "/opt/hostedtoolcache/Python/3.11.15/x64/lib/python3.11/http/client.py", line 299, in _read_status
    raise RemoteDisconnected("Remote end closed connection without"
urllib3.exceptions.ProtocolError: ('Connection aborted.', RemoteDisconnected('Remote end closed connection without response'))

During handling of the above exception, another exception occurred:

Traceback (most recent call last):
  File "/home/runner/work/Repository-name-a-stock-radar/Repository-name-a-stock-radar/pipeline.py", line 47, in run_once
    items = fn()
            ^^^^
  File "/home/runner/work/Repository-name-a-stock-radar/Repository-name-a-stock-radar/pipeline.py", line 32, in <lambda>
    collectors.append(("fund_flow", lambda: collect_eastmoney_fund_flow(stock, cutoff, cfg["timezone"])))
                                            ^^^^^^^^^^^^^^^^^^^^^^^^^^^^^^^^^^^^^^^^^^^^^^^^^^^^^^^^^^^
  File "/home/runner/work/Repository-name-a-stock-radar/Repository-name-a-stock-radar/collectors/akshare_collectors.py", line 79, in collect_eastmoney_fund_flow
    df = safe_call(
         ^^^^^^^^^^
  File "/home/runner/work/Repository-name-a-stock-radar/Repository-name-a-stock-radar/utils.py", line 84, in safe_call
    raise last
  File "/home/runner/work/Repository-name-a-stock-radar/Repository-name-a-stock-radar/utils.py", line 78, in safe_call
    return fn(*args, **kwargs)
           ^^^^^^^^^^^^^^^^^^^
  File "/opt/hostedtoolcache/Python/3.11.15/x64/lib/python3.11/site-packages/akshare/stock/stock_fund_em.py", line 48, in stock_individual_fund_flow
    r = requests.get(url, params=params, headers=headers)
        ^^^^^^^^^^^^^^^^^^^^^^^^^^^^^^^^^^^^^^^^^^^^^^^^^
  File "/opt/hostedtoolcache/Python/3.11.15/x64/lib/python3.11/site-packages/requests/api.py", line 87, in get
    return request("get", url, params=params, **kwargs)
           ^^^^^^^^^^^^^^^^^^^^^^^^^^^^^^^^^^^^^^^^^^^^
  File "/opt/hostedtoolcache/Python/3.11.15/x64/lib/python3.11/site-packages/requests/api.py", line 71, in request
    return session.request(method=method, url=url, **kwargs)
           ^^^^^^^^^^^^^^^^^^^^^^^^^^^^^^^^^^^^^^^^^^^^^^^^^
  File "/opt/hostedtoolcache/Python/3.11.15/x64/lib/python3.11/site-packages/requests/sessions.py", line 651, in request
    resp = self.send(prep, **send_kwargs)
           ^^^^^^^^^^^^^^^^^^^^^^^^^^^^^^
  File "/opt/hostedtoolcache/Python/3.11.15/x64/lib/python3.11/site-packages/requests/sessions.py", line 784, in send
    r = adapter.send(request, **kwargs)
        ^^^^^^^^^^^^^^^^^^^^^^^^^^^^^^^
  File "/opt/hostedtoolcache/Python/3.11.15/x64/lib/python3.11/site-packages/requests/adapters.py", line 711, in send
    raise ConnectionError(err, request=request)
requests.exceptions.ConnectionError: ('Connection aborted.', RemoteDisconnected('Remote end closed connection without response'))
2026-08-12 13:02:59,806 | INFO | pipeline | 300373 big_trade: 0 items
2026-08-12 13:03:09,938 | INFO | pipeline | 300373 ir: 1 items
2026-08-12 13:03:13,276 | WARNING | utils | news:688020 failed (1/3): Invalid regular expression: invalid escape sequence: \u
2026-08-12 13:03:15,198 | WARNING | utils | news:688020 failed (2/3): Invalid regular expression: invalid escape sequence: \u
2026-08-12 13:03:20,058 | WARNING | utils | news:688020 failed (3/3): Invalid regular expression: invalid escape sequence: \u
2026-08-12 13:03:20,058 | ERROR | pipeline | collector failed: 688020 news
Traceback (most recent call last):
  File "/home/runner/work/Repository-name-a-stock-radar/Repository-name-a-stock-radar/pipeline.py", line 47, in run_once
    items = fn()
            ^^^^
  File "/home/runner/work/Repository-name-a-stock-radar/Repository-name-a-stock-radar/pipeline.py", line 28, in <lambda>
    ("news", lambda: collect_news(stock, cutoff, cfg["timezone"])),
                     ^^^^^^^^^^^^^^^^^^^^^^^^^^^^^^^^^^^^^^^^^^^^
  File "/home/runner/work/Repository-name-a-stock-radar/Repository-name-a-stock-radar/collectors/akshare_collectors.py", line 24, in collect_news
    df = safe_call(f"news:{stock.code}", ak.stock_news_em, symbol=stock.code)
         ^^^^^^^^^^^^^^^^^^^^^^^^^^^^^^^^^^^^^^^^^^^^^^^^^^^^^^^^^^^^^^^^^^^^
  File "/home/runner/work/Repository-name-a-stock-radar/Repository-name-a-stock-radar/utils.py", line 84, in safe_call
    raise last
  File "/home/runner/work/Repository-name-a-stock-radar/Repository-name-a-stock-radar/utils.py", line 78, in safe_call
    return fn(*args, **kwargs)
           ^^^^^^^^^^^^^^^^^^^
  File "/opt/hostedtoolcache/Python/3.11.15/x64/lib/python3.11/site-packages/akshare/news/news_stock.py", line 116, in stock_news_em
    temp_df["新闻内容"] = temp_df["新闻内容"].str.replace(r"\u3000", "", regex=True)
                          ^^^^^^^^^^^^^^^^^^^^^^^^^^^^^^^^^^^^^^^^^^^^^^^^^^^^^^^^^^
  File "/opt/hostedtoolcache/Python/3.11.15/x64/lib/python3.11/site-packages/pandas/core/strings/accessor.py", line 142, in wrapper
    return func(self, *args, **kwargs)
           ^^^^^^^^^^^^^^^^^^^^^^^^^^^
  File "/opt/hostedtoolcache/Python/3.11.15/x64/lib/python3.11/site-packages/pandas/core/strings/accessor.py", line 1814, in replace
    result = res_output.array._str_replace(
             ^^^^^^^^^^^^^^^^^^^^^^^^^^^^^^
  File "/opt/hostedtoolcache/Python/3.11.15/x64/lib/python3.11/site-packages/pandas/core/arrays/string_arrow.py", line 488, in _str_replace
    return ArrowStringArrayMixin._str_replace(
           ^^^^^^^^^^^^^^^^^^^^^^^^^^^^^^^^^^^
  File "/opt/hostedtoolcache/Python/3.11.15/x64/lib/python3.11/site-packages/pandas/core/arrays/_arrow_string_mixins.py", line 267, in _str_replace
    result = func(
             ^^^^^
  File "/opt/hostedtoolcache/Python/3.11.15/x64/lib/python3.11/site-packages/pyarrow/compute.py", line 271, in wrapper
    return func.call(args, options, memory_pool)
           ^^^^^^^^^^^^^^^^^^^^^^^^^^^^^^^^^^^^^
  File "pyarrow/_compute.pyx", line 399, in pyarrow._compute.Function.call
  File "pyarrow/error.pxi", line 155, in pyarrow.lib.pyarrow_internal_check_status
  File "pyarrow/error.pxi", line 92, in pyarrow.lib.check_status
pyarrow.lib.ArrowInvalid: Invalid regular expression: invalid escape sequence: \u
2026-08-12 13:03:22,301 | WARNING | utils | announcement:688020 failed (1/3): '代码'
2026-08-12 13:03:24,163 | WARNING | utils | announcement:688020 failed (2/3): '代码'
2026-08-12 13:03:27,722 | WARNING | utils | announcement:688020 failed (3/3): '代码'
2026-08-12 13:03:27,722 | ERROR | pipeline | collector failed: 688020 announcement
Traceback (most recent call last):
  File "/opt/hostedtoolcache/Python/3.11.15/x64/lib/python3.11/site-packages/pandas/core/indexes/base.py", line 3641, in get_loc
    return self._engine.get_loc(casted_key)
           ^^^^^^^^^^^^^^^^^^^^^^^^^^^^^^^^
  File "pandas/_libs/index.pyx", line 168, in pandas._libs.index.IndexEngine.get_loc
  File "pandas/_libs/index.pyx", line 197, in pandas._libs.index.IndexEngine.get_loc
  File "pandas/_libs/hashtable_class_helper.pxi", line 7668, in pandas._libs.hashtable.PyObjectHashTable.get_item
  File "pandas/_libs/hashtable_class_helper.pxi", line 7676, in pandas._libs.hashtable.PyObjectHashTable.get_item
KeyError: '代码'

The above exception was the direct cause of the following exception:

Traceback (most recent call last):
  File "/home/runner/work/Repository-name-a-stock-radar/Repository-name-a-stock-radar/pipeline.py", line 47, in run_once
    items = fn()
            ^^^^
  File "/home/runner/work/Repository-name-a-stock-radar/Repository-name-a-stock-radar/pipeline.py", line 29, in <lambda>
    ("announcement", lambda: collect_announcements(stock, cutoff, cfg["timezone"])),
                             ^^^^^^^^^^^^^^^^^^^^^^^^^^^^^^^^^^^^^^^^^^^^^^^^^^^^^
  File "/home/runner/work/Repository-name-a-stock-radar/Repository-name-a-stock-radar/collectors/akshare_collectors.py", line 48, in collect_announcements
    df = safe_call(
         ^^^^^^^^^^
  File "/home/runner/work/Repository-name-a-stock-radar/Repository-name-a-stock-radar/utils.py", line 84, in safe_call
    raise last
  File "/home/runner/work/Repository-name-a-stock-radar/Repository-name-a-stock-radar/utils.py", line 78, in safe_call
    return fn(*args, **kwargs)
           ^^^^^^^^^^^^^^^^^^^
  File "/opt/hostedtoolcache/Python/3.11.15/x64/lib/python3.11/site-packages/akshare/stock_fundamental/stock_notice.py", line 168, in stock_individual_notice_report
    return _stock_notice_report(
           ^^^^^^^^^^^^^^^^^^^^^
  File "/opt/hostedtoolcache/Python/3.11.15/x64/lib/python3.11/site-packages/akshare/stock_fundamental/stock_notice.py", line 118, in _stock_notice_report
    big_df["网址"] = url + big_df["代码"] + "/" + big_df["编码"] + ".html"
                           ~~~~~~^^^^^^^^
  File "/opt/hostedtoolcache/Python/3.11.15/x64/lib/python3.11/site-packages/pandas/core/frame.py", line 4378, in __getitem__
    indexer = self.columns.get_loc(key)
              ^^^^^^^^^^^^^^^^^^^^^^^^^
  File "/opt/hostedtoolcache/Python/3.11.15/x64/lib/python3.11/site-packages/pandas/core/indexes/base.py", line 3648, in get_loc
    raise KeyError(key) from err
KeyError: '代码'
2026-08-12 13:03:29,563 | WARNING | utils | fund_flow:688020 failed (1/3): ('Connection aborted.', RemoteDisconnected('Remote end closed connection without response'))
2026-08-12 13:03:31,301 | WARNING | utils | fund_flow:688020 failed (2/3): ('Connection aborted.', RemoteDisconnected('Remote end closed connection without response'))
2026-08-12 13:03:34,304 | WARNING | utils | fund_flow:688020 failed (3/3): ('Connection aborted.', RemoteDisconnected('Remote end closed connection without response'))
2026-08-12 13:03:34,304 | ERROR | pipeline | collector failed: 688020 fund_flow
Traceback (most recent call last):
  File "/opt/hostedtoolcache/Python/3.11.15/x64/lib/python3.11/site-packages/urllib3/connectionpool.py", line 788, in urlopen
    response = self._make_request(
               ^^^^^^^^^^^^^^^^^^^
  File "/opt/hostedtoolcache/Python/3.11.15/x64/lib/python3.11/site-packages/urllib3/connectionpool.py", line 534, in _make_request
    response = conn.getresponse()
               ^^^^^^^^^^^^^^^^^^
  File "/opt/hostedtoolcache/Python/3.11.15/x64/lib/python3.11/site-packages/urllib3/connection.py", line 571, in getresponse
    httplib_response = super().getresponse()
                       ^^^^^^^^^^^^^^^^^^^^^
  File "/opt/hostedtoolcache/Python/3.11.15/x64/lib/python3.11/http/client.py", line 1415, in getresponse
    response.begin()
  File "/opt/hostedtoolcache/Python/3.11.15/x64/lib/python3.11/http/client.py", line 330, in begin
    version, status, reason = self._read_status()
                              ^^^^^^^^^^^^^^^^^^^
  File "/opt/hostedtoolcache/Python/3.11.15/x64/lib/python3.11/http/client.py", line 299, in _read_status
    raise RemoteDisconnected("Remote end closed connection without"
http.client.RemoteDisconnected: Remote end closed connection without response

During handling of the above exception, another exception occurred:

Traceback (most recent call last):
  File "/opt/hostedtoolcache/Python/3.11.15/x64/lib/python3.11/site-packages/requests/adapters.py", line 696, in send
    resp = conn.urlopen(
           ^^^^^^^^^^^^^
  File "/opt/hostedtoolcache/Python/3.11.15/x64/lib/python3.11/site-packages/urllib3/connectionpool.py", line 842, in urlopen
    retries = retries.increment(
              ^^^^^^^^^^^^^^^^^^
  File "/opt/hostedtoolcache/Python/3.11.15/x64/lib/python3.11/site-packages/urllib3/util/retry.py", line 498, in increment
    raise reraise(type(error), error, _stacktrace)
          ^^^^^^^^^^^^^^^^^^^^^^^^^^^^^^^^^^^^^^^^
  File "/opt/hostedtoolcache/Python/3.11.15/x64/lib/python3.11/site-packages/urllib3/util/util.py", line 38, in reraise
    raise value.with_traceback(tb)
  File "/opt/hostedtoolcache/Python/3.11.15/x64/lib/python3.11/site-packages/urllib3/connectionpool.py", line 788, in urlopen
    response = self._make_request(
               ^^^^^^^^^^^^^^^^^^^
  File "/opt/hostedtoolcache/Python/3.11.15/x64/lib/python3.11/site-packages/urllib3/connectionpool.py", line 534, in _make_request
    response = conn.getresponse()
               ^^^^^^^^^^^^^^^^^^
  File "/opt/hostedtoolcache/Python/3.11.15/x64/lib/python3.11/site-packages/urllib3/connection.py", line 571, in getresponse
    httplib_response = super().getresponse()
                       ^^^^^^^^^^^^^^^^^^^^^
  File "/opt/hostedtoolcache/Python/3.11.15/x64/lib/python3.11/http/client.py", line 1415, in getresponse
    response.begin()
  File "/opt/hostedtoolcache/Python/3.11.15/x64/lib/python3.11/http/client.py", line 330, in begin
    version, status, reason = self._read_status()
                              ^^^^^^^^^^^^^^^^^^^
  File "/opt/hostedtoolcache/Python/3.11.15/x64/lib/python3.11/http/client.py", line 299, in _read_status
    raise RemoteDisconnected("Remote end closed connection without"
urllib3.exceptions.ProtocolError: ('Connection aborted.', RemoteDisconnected('Remote end closed connection without response'))

During handling of the above exception, another exception occurred:

Traceback (most recent call last):
  File "/home/runner/work/Repository-name-a-stock-radar/Repository-name-a-stock-radar/pipeline.py", line 47, in run_once
    items = fn()
            ^^^^
  File "/home/runner/work/Repository-name-a-stock-radar/Repository-name-a-stock-radar/pipeline.py", line 32, in <lambda>
    collectors.append(("fund_flow", lambda: collect_eastmoney_fund_flow(stock, cutoff, cfg["timezone"])))
                                            ^^^^^^^^^^^^^^^^^^^^^^^^^^^^^^^^^^^^^^^^^^^^^^^^^^^^^^^^^^^
  File "/home/runner/work/Repository-name-a-stock-radar/Repository-name-a-stock-radar/collectors/akshare_collectors.py", line 79, in collect_eastmoney_fund_flow
    df = safe_call(
         ^^^^^^^^^^
  File "/home/runner/work/Repository-name-a-stock-radar/Repository-name-a-stock-radar/utils.py", line 84, in safe_call
    raise last
  File "/home/runner/work/Repository-name-a-stock-radar/Repository-name-a-stock-radar/utils.py", line 78, in safe_call
    return fn(*args, **kwargs)
           ^^^^^^^^^^^^^^^^^^^
  File "/opt/hostedtoolcache/Python/3.11.15/x64/lib/python3.11/site-packages/akshare/stock/stock_fund_em.py", line 48, in stock_individual_fund_flow
    r = requests.get(url, params=params, headers=headers)
        ^^^^^^^^^^^^^^^^^^^^^^^^^^^^^^^^^^^^^^^^^^^^^^^^^
  File "/opt/hostedtoolcache/Python/3.11.15/x64/lib/python3.11/site-packages/requests/api.py", line 87, in get
    return request("get", url, params=params, **kwargs)
           ^^^^^^^^^^^^^^^^^^^^^^^^^^^^^^^^^^^^^^^^^^^^
  File "/opt/hostedtoolcache/Python/3.11.15/x64/lib/python3.11/site-packages/requests/api.py", line 71, in request
    return session.request(method=method, url=url, **kwargs)
           ^^^^^^^^^^^^^^^^^^^^^^^^^^^^^^^^^^^^^^^^^^^^^^^^^
  File "/opt/hostedtoolcache/Python/3.11.15/x64/lib/python3.11/site-packages/requests/sessions.py", line 651, in request
    resp = self.send(prep, **send_kwargs)
           ^^^^^^^^^^^^^^^^^^^^^^^^^^^^^^
  File "/opt/hostedtoolcache/Python/3.11.15/x64/lib/python3.11/site-packages/requests/sessions.py", line 784, in send
    r = adapter.send(request, **kwargs)
        ^^^^^^^^^^^^^^^^^^^^^^^^^^^^^^^
  File "/opt/hostedtoolcache/Python/3.11.15/x64/lib/python3.11/site-packages/requests/adapters.py", line 711, in send
    raise ConnectionError(err, request=request)
requests.exceptions.ConnectionError: ('Connection aborted.', RemoteDisconnected('Remote end closed connection without response'))
2026-08-12 13:03:59,456 | INFO | pipeline | 688020 big_trade: 0 items
2026-08-12 13:04:02,308 | INFO | pipeline | 688020 ir: 0 items
2026-08-12 13:04:04,644 | WARNING | utils | news:002463 failed (1/3): Invalid regular expression: invalid escape sequence: \u
2026-08-12 13:04:07,331 | WARNING | utils | news:002463 failed (2/3): Invalid regular expression: invalid escape sequence: \u
2026-08-12 13:04:10,388 | WARNING | utils | news:002463 failed (3/3): Invalid regular expression: invalid escape sequence: \u
2026-08-12 13:04:10,388 | ERROR | pipeline | collector failed: 002463 news
Traceback (most recent call last):
  File "/home/runner/work/Repository-name-a-stock-radar/Repository-name-a-stock-radar/pipeline.py", line 47, in run_once
    items = fn()
            ^^^^
  File "/home/runner/work/Repository-name-a-stock-radar/Repository-name-a-stock-radar/pipeline.py", line 28, in <lambda>
    ("news", lambda: collect_news(stock, cutoff, cfg["timezone"])),
                     ^^^^^^^^^^^^^^^^^^^^^^^^^^^^^^^^^^^^^^^^^^^^
  File "/home/runner/work/Repository-name-a-stock-radar/Repository-name-a-stock-radar/collectors/akshare_collectors.py", line 24, in collect_news
    df = safe_call(f"news:{stock.code}", ak.stock_news_em, symbol=stock.code)
         ^^^^^^^^^^^^^^^^^^^^^^^^^^^^^^^^^^^^^^^^^^^^^^^^^^^^^^^^^^^^^^^^^^^^
  File "/home/runner/work/Repository-name-a-stock-radar/Repository-name-a-stock-radar/utils.py", line 84, in safe_call
    raise last
  File "/home/runner/work/Repository-name-a-stock-radar/Repository-name-a-stock-radar/utils.py", line 78, in safe_call
    return fn(*args, **kwargs)
           ^^^^^^^^^^^^^^^^^^^
  File "/opt/hostedtoolcache/Python/3.11.15/x64/lib/python3.11/site-packages/akshare/news/news_stock.py", line 116, in stock_news_em
    temp_df["新闻内容"] = temp_df["新闻内容"].str.replace(r"\u3000", "", regex=True)
                          ^^^^^^^^^^^^^^^^^^^^^^^^^^^^^^^^^^^^^^^^^^^^^^^^^^^^^^^^^^
  File "/opt/hostedtoolcache/Python/3.11.15/x64/lib/python3.11/site-packages/pandas/core/strings/accessor.py", line 142, in wrapper
    return func(self, *args, **kwargs)
           ^^^^^^^^^^^^^^^^^^^^^^^^^^^
  File "/opt/hostedtoolcache/Python/3.11.15/x64/lib/python3.11/site-packages/pandas/core/strings/accessor.py", line 1814, in replace
    result = res_output.array._str_replace(
             ^^^^^^^^^^^^^^^^^^^^^^^^^^^^^^
  File "/opt/hostedtoolcache/Python/3.11.15/x64/lib/python3.11/site-packages/pandas/core/arrays/string_arrow.py", line 488, in _str_replace
    return ArrowStringArrayMixin._str_replace(
           ^^^^^^^^^^^^^^^^^^^^^^^^^^^^^^^^^^^
  File "/opt/hostedtoolcache/Python/3.11.15/x64/lib/python3.11/site-packages/pandas/core/arrays/_arrow_string_mixins.py", line 267, in _str_replace
    result = func(
             ^^^^^
  File "/opt/hostedtoolcache/Python/3.11.15/x64/lib/python3.11/site-packages/pyarrow/compute.py", line 271, in wrapper
    return func.call(args, options, memory_pool)
           ^^^^^^^^^^^^^^^^^^^^^^^^^^^^^^^^^^^^^
  File "pyarrow/_compute.pyx", line 399, in pyarrow._compute.Function.call
  File "pyarrow/error.pxi", line 155, in pyarrow.lib.pyarrow_internal_check_status
  File "pyarrow/error.pxi", line 92, in pyarrow.lib.check_status
pyarrow.lib.ArrowInvalid: Invalid regular expression: invalid escape sequence: \u
2026-08-12 13:04:12,112 | WARNING | utils | announcement:002463 failed (1/3): '代码'
2026-08-12 13:04:14,498 | WARNING | utils | announcement:002463 failed (2/3): '代码'
2026-08-12 13:04:17,707 | WARNING | utils | announcement:002463 failed (3/3): '代码'
2026-08-12 13:04:17,707 | ERROR | pipeline | collector failed: 002463 announcement
Traceback (most recent call last):
  File "/opt/hostedtoolcache/Python/3.11.15/x64/lib/python3.11/site-packages/pandas/core/indexes/base.py", line 3641, in get_loc
    return self._engine.get_loc(casted_key)
           ^^^^^^^^^^^^^^^^^^^^^^^^^^^^^^^^
  File "pandas/_libs/index.pyx", line 168, in pandas._libs.index.IndexEngine.get_loc
  File "pandas/_libs/index.pyx", line 197, in pandas._libs.index.IndexEngine.get_loc
  File "pandas/_libs/hashtable_class_helper.pxi", line 7668, in pandas._libs.hashtable.PyObjectHashTable.get_item
  File "pandas/_libs/hashtable_class_helper.pxi", line 7676, in pandas._libs.hashtable.PyObjectHashTable.get_item
KeyError: '代码'

The above exception was the direct cause of the following exception:

Traceback (most recent call last):
  File "/home/runner/work/Repository-name-a-stock-radar/Repository-name-a-stock-radar/pipeline.py", line 47, in run_once
    items = fn()
            ^^^^
  File "/home/runner/work/Repository-name-a-stock-radar/Repository-name-a-stock-radar/pipeline.py", line 29, in <lambda>
    ("announcement", lambda: collect_announcements(stock, cutoff, cfg["timezone"])),
                             ^^^^^^^^^^^^^^^^^^^^^^^^^^^^^^^^^^^^^^^^^^^^^^^^^^^^^
  File "/home/runner/work/Repository-name-a-stock-radar/Repository-name-a-stock-radar/collectors/akshare_collectors.py", line 48, in collect_announcements
    df = safe_call(
         ^^^^^^^^^^
  File "/home/runner/work/Repository-name-a-stock-radar/Repository-name-a-stock-radar/utils.py", line 84, in safe_call
    raise last
  File "/home/runner/work/Repository-name-a-stock-radar/Repository-name-a-stock-radar/utils.py", line 78, in safe_call
    return fn(*args, **kwargs)
           ^^^^^^^^^^^^^^^^^^^
  File "/opt/hostedtoolcache/Python/3.11.15/x64/lib/python3.11/site-packages/akshare/stock_fundamental/stock_notice.py", line 168, in stock_individual_notice_report
    return _stock_notice_report(
           ^^^^^^^^^^^^^^^^^^^^^
  File "/opt/hostedtoolcache/Python/3.11.15/x64/lib/python3.11/site-packages/akshare/stock_fundamental/stock_notice.py", line 118, in _stock_notice_report
    big_df["网址"] = url + big_df["代码"] + "/" + big_df["编码"] + ".html"
                           ~~~~~~^^^^^^^^
  File "/opt/hostedtoolcache/Python/3.11.15/x64/lib/python3.11/site-packages/pandas/core/frame.py", line 4378, in __getitem__
    indexer = self.columns.get_loc(key)
              ^^^^^^^^^^^^^^^^^^^^^^^^^
  File "/opt/hostedtoolcache/Python/3.11.15/x64/lib/python3.11/site-packages/pandas/core/indexes/base.py", line 3648, in get_loc
    raise KeyError(key) from err
KeyError: '代码'
2026-08-12 13:04:19,064 | WARNING | utils | fund_flow:002463 failed (1/3): ('Connection aborted.', RemoteDisconnected('Remote end closed connection without response'))
2026-08-12 13:04:20,867 | WARNING | utils | fund_flow:002463 failed (2/3): ('Connection aborted.', RemoteDisconnected('Remote end closed connection without response'))
2026-08-12 13:04:23,798 | WARNING | utils | fund_flow:002463 failed (3/3): ('Connection aborted.', RemoteDisconnected('Remote end closed connection without response'))
2026-08-12 13:04:23,798 | ERROR | pipeline | collector failed: 002463 fund_flow
Traceback (most recent call last):
  File "/opt/hostedtoolcache/Python/3.11.15/x64/lib/python3.11/site-packages/urllib3/connectionpool.py", line 788, in urlopen
    response = self._make_request(
               ^^^^^^^^^^^^^^^^^^^
  File "/opt/hostedtoolcache/Python/3.11.15/x64/lib/python3.11/site-packages/urllib3/connectionpool.py", line 534, in _make_request
    response = conn.getresponse()
               ^^^^^^^^^^^^^^^^^^
  File "/opt/hostedtoolcache/Python/3.11.15/x64/lib/python3.11/site-packages/urllib3/connection.py", line 571, in getresponse
    httplib_response = super().getresponse()
                       ^^^^^^^^^^^^^^^^^^^^^
  File "/opt/hostedtoolcache/Python/3.11.15/x64/lib/python3.11/http/client.py", line 1415, in getresponse
    response.begin()
  File "/opt/hostedtoolcache/Python/3.11.15/x64/lib/python3.11/http/client.py", line 330, in begin
    version, status, reason = self._read_status()
                              ^^^^^^^^^^^^^^^^^^^
  File "/opt/hostedtoolcache/Python/3.11.15/x64/lib/python3.11/http/client.py", line 299, in _read_status
    raise RemoteDisconnected("Remote end closed connection without"
http.client.RemoteDisconnected: Remote end closed connection without response

During handling of the above exception, another exception occurred:

Traceback (most recent call last):
  File "/opt/hostedtoolcache/Python/3.11.15/x64/lib/python3.11/site-packages/requests/adapters.py", line 696, in send
    resp = conn.urlopen(
           ^^^^^^^^^^^^^
  File "/opt/hostedtoolcache/Python/3.11.15/x64/lib/python3.11/site-packages/urllib3/connectionpool.py", line 842, in urlopen
    retries = retries.increment(
              ^^^^^^^^^^^^^^^^^^
  File "/opt/hostedtoolcache/Python/3.11.15/x64/lib/python3.11/site-packages/urllib3/util/retry.py", line 498, in increment
    raise reraise(type(error), error, _stacktrace)
          ^^^^^^^^^^^^^^^^^^^^^^^^^^^^^^^^^^^^^^^^
  File "/opt/hostedtoolcache/Python/3.11.15/x64/lib/python3.11/site-packages/urllib3/util/util.py", line 38, in reraise
    raise value.with_traceback(tb)
  File "/opt/hostedtoolcache/Python/3.11.15/x64/lib/python3.11/site-packages/urllib3/connectionpool.py", line 788, in urlopen
    response = self._make_request(
               ^^^^^^^^^^^^^^^^^^^
  File "/opt/hostedtoolcache/Python/3.11.15/x64/lib/python3.11/site-packages/urllib3/connectionpool.py", line 534, in _make_request
    response = conn.getresponse()
               ^^^^^^^^^^^^^^^^^^
  File "/opt/hostedtoolcache/Python/3.11.15/x64/lib/python3.11/site-packages/urllib3/connection.py", line 571, in getresponse
    httplib_response = super().getresponse()
                       ^^^^^^^^^^^^^^^^^^^^^
  File "/opt/hostedtoolcache/Python/3.11.15/x64/lib/python3.11/http/client.py", line 1415, in getresponse
    response.begin()
  File "/opt/hostedtoolcache/Python/3.11.15/x64/lib/python3.11/http/client.py", line 330, in begin
    version, status, reason = self._read_status()
                              ^^^^^^^^^^^^^^^^^^^
  File "/opt/hostedtoolcache/Python/3.11.15/x64/lib/python3.11/http/client.py", line 299, in _read_status
    raise RemoteDisconnected("Remote end closed connection without"
urllib3.exceptions.ProtocolError: ('Connection aborted.', RemoteDisconnected('Remote end closed connection without response'))

During handling of the above exception, another exception occurred:

Traceback (most recent call last):
  File "/home/runner/work/Repository-name-a-stock-radar/Repository-name-a-stock-radar/pipeline.py", line 47, in run_once
    items = fn()
            ^^^^
  File "/home/runner/work/Repository-name-a-stock-radar/Repository-name-a-stock-radar/pipeline.py", line 32, in <lambda>
    collectors.append(("fund_flow", lambda: collect_eastmoney_fund_flow(stock, cutoff, cfg["timezone"])))
                                            ^^^^^^^^^^^^^^^^^^^^^^^^^^^^^^^^^^^^^^^^^^^^^^^^^^^^^^^^^^^
  File "/home/runner/work/Repository-name-a-stock-radar/Repository-name-a-stock-radar/collectors/akshare_collectors.py", line 79, in collect_eastmoney_fund_flow
    df = safe_call(
         ^^^^^^^^^^
  File "/home/runner/work/Repository-name-a-stock-radar/Repository-name-a-stock-radar/utils.py", line 84, in safe_call
    raise last
  File "/home/runner/work/Repository-name-a-stock-radar/Repository-name-a-stock-radar/utils.py", line 78, in safe_call
    return fn(*args, **kwargs)
           ^^^^^^^^^^^^^^^^^^^
  File "/opt/hostedtoolcache/Python/3.11.15/x64/lib/python3.11/site-packages/akshare/stock/stock_fund_em.py", line 48, in stock_individual_fund_flow
    r = requests.get(url, params=params, headers=headers)
        ^^^^^^^^^^^^^^^^^^^^^^^^^^^^^^^^^^^^^^^^^^^^^^^^^
  File "/opt/hostedtoolcache/Python/3.11.15/x64/lib/python3.11/site-packages/requests/api.py", line 87, in get
    return request("get", url, params=params, **kwargs)
           ^^^^^^^^^^^^^^^^^^^^^^^^^^^^^^^^^^^^^^^^^^^^
  File "/opt/hostedtoolcache/Python/3.11.15/x64/lib/python3.11/site-packages/requests/api.py", line 71, in request
    return session.request(method=method, url=url, **kwargs)
           ^^^^^^^^^^^^^^^^^^^^^^^^^^^^^^^^^^^^^^^^^^^^^^^^^
  File "/opt/hostedtoolcache/Python/3.11.15/x64/lib/python3.11/site-packages/requests/sessions.py", line 651, in request
    resp = self.send(prep, **send_kwargs)
           ^^^^^^^^^^^^^^^^^^^^^^^^^^^^^^
  File "/opt/hostedtoolcache/Python/3.11.15/x64/lib/python3.11/site-packages/requests/sessions.py", line 784, in send
    r = adapter.send(request, **kwargs)
        ^^^^^^^^^^^^^^^^^^^^^^^^^^^^^^^
  File "/opt/hostedtoolcache/Python/3.11.15/x64/lib/python3.11/site-packages/requests/adapters.py", line 711, in send
    raise ConnectionError(err, request=request)
requests.exceptions.ConnectionError: ('Connection aborted.', RemoteDisconnected('Remote end closed connection without response'))
2026-08-12 13:04:59,056 | INFO | pipeline | 002463 big_trade: 0 items
2026-08-12 13:05:11,337 | INFO | pipeline | 002463 ir: 0 items
2026-08-12 13:05:12,807 | WARNING | utils | news:002851 failed (1/3): Invalid regular expression: invalid escape sequence: \u
2026-08-12 13:05:14,732 | WARNING | utils | news:002851 failed (2/3): Invalid regular expression: invalid escape sequence: \u
2026-08-12 13:05:17,839 | WARNING | utils | news:002851 failed (3/3): Invalid regular expression: invalid escape sequence: \u
2026-08-12 13:05:17,839 | ERROR | pipeline | collector failed: 002851 news
Traceback (most recent call last):
  File "/home/runner/work/Repository-name-a-stock-radar/Repository-name-a-stock-radar/pipeline.py", line 47, in run_once
    items = fn()
            ^^^^
  File "/home/runner/work/Repository-name-a-stock-radar/Repository-name-a-stock-radar/pipeline.py", line 28, in <lambda>
    ("news", lambda: collect_news(stock, cutoff, cfg["timezone"])),
                     ^^^^^^^^^^^^^^^^^^^^^^^^^^^^^^^^^^^^^^^^^^^^
  File "/home/runner/work/Repository-name-a-stock-radar/Repository-name-a-stock-radar/collectors/akshare_collectors.py", line 24, in collect_news
    df = safe_call(f"news:{stock.code}", ak.stock_news_em, symbol=stock.code)
         ^^^^^^^^^^^^^^^^^^^^^^^^^^^^^^^^^^^^^^^^^^^^^^^^^^^^^^^^^^^^^^^^^^^^
  File "/home/runner/work/Repository-name-a-stock-radar/Repository-name-a-stock-radar/utils.py", line 84, in safe_call
    raise last
  File "/home/runner/work/Repository-name-a-stock-radar/Repository-name-a-stock-radar/utils.py", line 78, in safe_call
    return fn(*args, **kwargs)
           ^^^^^^^^^^^^^^^^^^^
  File "/opt/hostedtoolcache/Python/3.11.15/x64/lib/python3.11/site-packages/akshare/news/news_stock.py", line 116, in stock_news_em
    temp_df["新闻内容"] = temp_df["新闻内容"].str.replace(r"\u3000", "", regex=True)
                          ^^^^^^^^^^^^^^^^^^^^^^^^^^^^^^^^^^^^^^^^^^^^^^^^^^^^^^^^^^
  File "/opt/hostedtoolcache/Python/3.11.15/x64/lib/python3.11/site-packages/pandas/core/strings/accessor.py", line 142, in wrapper
    return func(self, *args, **kwargs)
           ^^^^^^^^^^^^^^^^^^^^^^^^^^^
  File "/opt/hostedtoolcache/Python/3.11.15/x64/lib/python3.11/site-packages/pandas/core/strings/accessor.py", line 1814, in replace
    result = res_output.array._str_replace(
             ^^^^^^^^^^^^^^^^^^^^^^^^^^^^^^
  File "/opt/hostedtoolcache/Python/3.11.15/x64/lib/python3.11/site-packages/pandas/core/arrays/string_arrow.py", line 488, in _str_replace
    return ArrowStringArrayMixin._str_replace(
           ^^^^^^^^^^^^^^^^^^^^^^^^^^^^^^^^^^^
  File "/opt/hostedtoolcache/Python/3.11.15/x64/lib/python3.11/site-packages/pandas/core/arrays/_arrow_string_mixins.py", line 267, in _str_replace
    result = func(
             ^^^^^
  File "/opt/hostedtoolcache/Python/3.11.15/x64/lib/python3.11/site-packages/pyarrow/compute.py", line 271, in wrapper
    return func.call(args, options, memory_pool)
           ^^^^^^^^^^^^^^^^^^^^^^^^^^^^^^^^^^^^^
  File "pyarrow/_compute.pyx", line 399, in pyarrow._compute.Function.call
  File "pyarrow/error.pxi", line 155, in pyarrow.lib.pyarrow_internal_check_status
  File "pyarrow/error.pxi", line 92, in pyarrow.lib.check_status
pyarrow.lib.ArrowInvalid: Invalid regular expression: invalid escape sequence: \u
2026-08-12 13:05:19,472 | WARNING | utils | announcement:002851 failed (1/3): '代码'
2026-08-12 13:05:21,339 | WARNING | utils | announcement:002851 failed (2/3): '代码'
2026-08-12 13:05:24,403 | WARNING | utils | announcement:002851 failed (3/3): '代码'
2026-08-12 13:05:24,403 | ERROR | pipeline | collector failed: 002851 announcement
Traceback (most recent call last):
  File "/opt/hostedtoolcache/Python/3.11.15/x64/lib/python3.11/site-packages/pandas/core/indexes/base.py", line 3641, in get_loc
    return self._engine.get_loc(casted_key)
           ^^^^^^^^^^^^^^^^^^^^^^^^^^^^^^^^
  File "pandas/_libs/index.pyx", line 168, in pandas._libs.index.IndexEngine.get_loc
  File "pandas/_libs/index.pyx", line 197, in pandas._libs.index.IndexEngine.get_loc
  File "pandas/_libs/hashtable_class_helper.pxi", line 7668, in pandas._libs.hashtable.PyObjectHashTable.get_item
  File "pandas/_libs/hashtable_class_helper.pxi", line 7676, in pandas._libs.hashtable.PyObjectHashTable.get_item
KeyError: '代码'

The above exception was the direct cause of the following exception:

Traceback (most recent call last):
  File "/home/runner/work/Repository-name-a-stock-radar/Repository-name-a-stock-radar/pipeline.py", line 47, in run_once
    items = fn()
            ^^^^
  File "/home/runner/work/Repository-name-a-stock-radar/Repository-name-a-stock-radar/pipeline.py", line 29, in <lambda>
    ("announcement", lambda: collect_announcements(stock, cutoff, cfg["timezone"])),
                             ^^^^^^^^^^^^^^^^^^^^^^^^^^^^^^^^^^^^^^^^^^^^^^^^^^^^^
  File "/home/runner/work/Repository-name-a-stock-radar/Repository-name-a-stock-radar/collectors/akshare_collectors.py", line 48, in collect_announcements
    df = safe_call(
         ^^^^^^^^^^
  File "/home/runner/work/Repository-name-a-stock-radar/Repository-name-a-stock-radar/utils.py", line 84, in safe_call
    raise last
  File "/home/runner/work/Repository-name-a-stock-radar/Repository-name-a-stock-radar/utils.py", line 78, in safe_call
    return fn(*args, **kwargs)
           ^^^^^^^^^^^^^^^^^^^
  File "/opt/hostedtoolcache/Python/3.11.15/x64/lib/python3.11/site-packages/akshare/stock_fundamental/stock_notice.py", line 168, in stock_individual_notice_report
    return _stock_notice_report(
           ^^^^^^^^^^^^^^^^^^^^^
  File "/opt/hostedtoolcache/Python/3.11.15/x64/lib/python3.11/site-packages/akshare/stock_fundamental/stock_notice.py", line 118, in _stock_notice_report
    big_df["网址"] = url + big_df["代码"] + "/" + big_df["编码"] + ".html"
                           ~~~~~~^^^^^^^^
  File "/opt/hostedtoolcache/Python/3.11.15/x64/lib/python3.11/site-packages/pandas/core/frame.py", line 4378, in __getitem__
    indexer = self.columns.get_loc(key)
              ^^^^^^^^^^^^^^^^^^^^^^^^^
  File "/opt/hostedtoolcache/Python/3.11.15/x64/lib/python3.11/site-packages/pandas/core/indexes/base.py", line 3648, in get_loc
    raise KeyError(key) from err
KeyError: '代码'
2026-08-12 13:05:34,071 | WARNING | utils | fund_flow:002851 failed (1/3): ('Connection aborted.', RemoteDisconnected('Remote end closed connection without response'))
2026-08-12 13:05:35,988 | WARNING | utils | fund_flow:002851 failed (2/3): ('Connection aborted.', RemoteDisconnected('Remote end closed connection without response'))
2026-08-12 13:05:40,139 | WARNING | utils | fund_flow:002851 failed (3/3): ('Connection aborted.', RemoteDisconnected('Remote end closed connection without response'))
2026-08-12 13:05:40,139 | ERROR | pipeline | collector failed: 002851 fund_flow
Traceback (most recent call last):
  File "/opt/hostedtoolcache/Python/3.11.15/x64/lib/python3.11/site-packages/urllib3/connectionpool.py", line 788, in urlopen
    response = self._make_request(
               ^^^^^^^^^^^^^^^^^^^
  File "/opt/hostedtoolcache/Python/3.11.15/x64/lib/python3.11/site-packages/urllib3/connectionpool.py", line 534, in _make_request
    response = conn.getresponse()
               ^^^^^^^^^^^^^^^^^^
  File "/opt/hostedtoolcache/Python/3.11.15/x64/lib/python3.11/site-packages/urllib3/connection.py", line 571, in getresponse
    httplib_response = super().getresponse()
                       ^^^^^^^^^^^^^^^^^^^^^
  File "/opt/hostedtoolcache/Python/3.11.15/x64/lib/python3.11/http/client.py", line 1415, in getresponse
    response.begin()
  File "/opt/hostedtoolcache/Python/3.11.15/x64/lib/python3.11/http/client.py", line 330, in begin
    version, status, reason = self._read_status()
                              ^^^^^^^^^^^^^^^^^^^
  File "/opt/hostedtoolcache/Python/3.11.15/x64/lib/python3.11/http/client.py", line 299, in _read_status
    raise RemoteDisconnected("Remote end closed connection without"
http.client.RemoteDisconnected: Remote end closed connection without response

During handling of the above exception, another exception occurred:

Traceback (most recent call last):
  File "/opt/hostedtoolcache/Python/3.11.15/x64/lib/python3.11/site-packages/requests/adapters.py", line 696, in send
    resp = conn.urlopen(
           ^^^^^^^^^^^^^
  File "/opt/hostedtoolcache/Python/3.11.15/x64/lib/python3.11/site-packages/urllib3/connectionpool.py", line 842, in urlopen
    retries = retries.increment(
              ^^^^^^^^^^^^^^^^^^
  File "/opt/hostedtoolcache/Python/3.11.15/x64/lib/python3.11/site-packages/urllib3/util/retry.py", line 498, in increment
    raise reraise(type(error), error, _stacktrace)
          ^^^^^^^^^^^^^^^^^^^^^^^^^^^^^^^^^^^^^^^^
  File "/opt/hostedtoolcache/Python/3.11.15/x64/lib/python3.11/site-packages/urllib3/util/util.py", line 38, in reraise
    raise value.with_traceback(tb)
  File "/opt/hostedtoolcache/Python/3.11.15/x64/lib/python3.11/site-packages/urllib3/connectionpool.py", line 788, in urlopen
    response = self._make_request(
               ^^^^^^^^^^^^^^^^^^^
  File "/opt/hostedtoolcache/Python/3.11.15/x64/lib/python3.11/site-packages/urllib3/connectionpool.py", line 534, in _make_request
    response = conn.getresponse()
               ^^^^^^^^^^^^^^^^^^
  File "/opt/hostedtoolcache/Python/3.11.15/x64/lib/python3.11/site-packages/urllib3/connection.py", line 571, in getresponse
    httplib_response = super().getresponse()
                       ^^^^^^^^^^^^^^^^^^^^^
  File "/opt/hostedtoolcache/Python/3.11.15/x64/lib/python3.11/http/client.py", line 1415, in getresponse
    response.begin()
  File "/opt/hostedtoolcache/Python/3.11.15/x64/lib/python3.11/http/client.py", line 330, in begin
    version, status, reason = self._read_status()
                              ^^^^^^^^^^^^^^^^^^^
  File "/opt/hostedtoolcache/Python/3.11.15/x64/lib/python3.11/http/client.py", line 299, in _read_status
    raise RemoteDisconnected("Remote end closed connection without"
urllib3.exceptions.ProtocolError: ('Connection aborted.', RemoteDisconnected('Remote end closed connection without response'))

During handling of the above exception, another exception occurred:

Traceback (most recent call last):
  File "/home/runner/work/Repository-name-a-stock-radar/Repository-name-a-stock-radar/pipeline.py", line 47, in run_once
    items = fn()
            ^^^^
  File "/home/runner/work/Repository-name-a-stock-radar/Repository-name-a-stock-radar/pipeline.py", line 32, in <lambda>
    collectors.append(("fund_flow", lambda: collect_eastmoney_fund_flow(stock, cutoff, cfg["timezone"])))
                                            ^^^^^^^^^^^^^^^^^^^^^^^^^^^^^^^^^^^^^^^^^^^^^^^^^^^^^^^^^^^
  File "/home/runner/work/Repository-name-a-stock-radar/Repository-name-a-stock-radar/collectors/akshare_collectors.py", line 79, in collect_eastmoney_fund_flow
    df = safe_call(
         ^^^^^^^^^^
  File "/home/runner/work/Repository-name-a-stock-radar/Repository-name-a-stock-radar/utils.py", line 84, in safe_call
    raise last
  File "/home/runner/work/Repository-name-a-stock-radar/Repository-name-a-stock-radar/utils.py", line 78, in safe_call
    return fn(*args, **kwargs)
           ^^^^^^^^^^^^^^^^^^^
  File "/opt/hostedtoolcache/Python/3.11.15/x64/lib/python3.11/site-packages/akshare/stock/stock_fund_em.py", line 48, in stock_individual_fund_flow
    r = requests.get(url, params=params, headers=headers)
        ^^^^^^^^^^^^^^^^^^^^^^^^^^^^^^^^^^^^^^^^^^^^^^^^^
  File "/opt/hostedtoolcache/Python/3.11.15/x64/lib/python3.11/site-packages/requests/api.py", line 87, in get
    return request("get", url, params=params, **kwargs)
           ^^^^^^^^^^^^^^^^^^^^^^^^^^^^^^^^^^^^^^^^^^^^
  File "/opt/hostedtoolcache/Python/3.11.15/x64/lib/python3.11/site-packages/requests/api.py", line 71, in request
    return session.request(method=method, url=url, **kwargs)
           ^^^^^^^^^^^^^^^^^^^^^^^^^^^^^^^^^^^^^^^^^^^^^^^^^
  File "/opt/hostedtoolcache/Python/3.11.15/x64/lib/python3.11/site-packages/requests/sessions.py", line 651, in request
    resp = self.send(prep, **send_kwargs)
           ^^^^^^^^^^^^^^^^^^^^^^^^^^^^^^
  File "/opt/hostedtoolcache/Python/3.11.15/x64/lib/python3.11/site-packages/requests/sessions.py", line 784, in send
    r = adapter.send(request, **kwargs)
        ^^^^^^^^^^^^^^^^^^^^^^^^^^^^^^^
  File "/opt/hostedtoolcache/Python/3.11.15/x64/lib/python3.11/site-packages/requests/adapters.py", line 711, in send
    raise ConnectionError(err, request=request)
requests.exceptions.ConnectionError: ('Connection aborted.', RemoteDisconnected('Remote end closed connection without response'))
2026-08-12 13:06:16,536 | INFO | pipeline | 002851 big_trade: 0 items
2026-08-12 13:06:23,955 | INFO | pipeline | 002851 ir: 3 items
2026-08-12 13:06:25,806 | WARNING | utils | news:920045 failed (1/3): Invalid regular expression: invalid escape sequence: \u
2026-08-12 13:06:27,719 | WARNING | utils | news:920045 failed (2/3): Invalid regular expression: invalid escape sequence: \u
2026-08-12 13:06:31,789 | WARNING | utils | news:920045 failed (3/3): Invalid regular expression: invalid escape sequence: \u
2026-08-12 13:06:31,789 | ERROR | pipeline | collector failed: 920045 news
Traceback (most recent call last):
  File "/home/runner/work/Repository-name-a-stock-radar/Repository-name-a-stock-radar/pipeline.py", line 47, in run_once
    items = fn()
            ^^^^
  File "/home/runner/work/Repository-name-a-stock-radar/Repository-name-a-stock-radar/pipeline.py", line 28, in <lambda>
    ("news", lambda: collect_news(stock, cutoff, cfg["timezone"])),
                     ^^^^^^^^^^^^^^^^^^^^^^^^^^^^^^^^^^^^^^^^^^^^
  File "/home/runner/work/Repository-name-a-stock-radar/Repository-name-a-stock-radar/collectors/akshare_collectors.py", line 24, in collect_news
    df = safe_call(f"news:{stock.code}", ak.stock_news_em, symbol=stock.code)
         ^^^^^^^^^^^^^^^^^^^^^^^^^^^^^^^^^^^^^^^^^^^^^^^^^^^^^^^^^^^^^^^^^^^^
  File "/home/runner/work/Repository-name-a-stock-radar/Repository-name-a-stock-radar/utils.py", line 84, in safe_call
    raise last
  File "/home/runner/work/Repository-name-a-stock-radar/Repository-name-a-stock-radar/utils.py", line 78, in safe_call
    return fn(*args, **kwargs)
           ^^^^^^^^^^^^^^^^^^^
  File "/opt/hostedtoolcache/Python/3.11.15/x64/lib/python3.11/site-packages/akshare/news/news_stock.py", line 116, in stock_news_em
    temp_df["新闻内容"] = temp_df["新闻内容"].str.replace(r"\u3000", "", regex=True)
                          ^^^^^^^^^^^^^^^^^^^^^^^^^^^^^^^^^^^^^^^^^^^^^^^^^^^^^^^^^^
  File "/opt/hostedtoolcache/Python/3.11.15/x64/lib/python3.11/site-packages/pandas/core/strings/accessor.py", line 142, in wrapper
    return func(self, *args, **kwargs)
           ^^^^^^^^^^^^^^^^^^^^^^^^^^^
  File "/opt/hostedtoolcache/Python/3.11.15/x64/lib/python3.11/site-packages/pandas/core/strings/accessor.py", line 1814, in replace
    result = res_output.array._str_replace(
             ^^^^^^^^^^^^^^^^^^^^^^^^^^^^^^
  File "/opt/hostedtoolcache/Python/3.11.15/x64/lib/python3.11/site-packages/pandas/core/arrays/string_arrow.py", line 488, in _str_replace
    return ArrowStringArrayMixin._str_replace(
           ^^^^^^^^^^^^^^^^^^^^^^^^^^^^^^^^^^^
  File "/opt/hostedtoolcache/Python/3.11.15/x64/lib/python3.11/site-packages/pandas/core/arrays/_arrow_string_mixins.py", line 267, in _str_replace
    result = func(
             ^^^^^
  File "/opt/hostedtoolcache/Python/3.11.15/x64/lib/python3.11/site-packages/pyarrow/compute.py", line 271, in wrapper
    return func.call(args, options, memory_pool)
           ^^^^^^^^^^^^^^^^^^^^^^^^^^^^^^^^^^^^^
  File "pyarrow/_compute.pyx", line 399, in pyarrow._compute.Function.call
  File "pyarrow/error.pxi", line 155, in pyarrow.lib.pyarrow_internal_check_status
  File "pyarrow/error.pxi", line 92, in pyarrow.lib.check_status
pyarrow.lib.ArrowInvalid: Invalid regular expression: invalid escape sequence: \u
2026-08-12 13:06:33,355 | WARNING | utils | announcement:920045 failed (1/3): '代码'
2026-08-12 13:06:35,246 | WARNING | utils | announcement:920045 failed (2/3): '代码'
2026-08-12 13:06:38,261 | WARNING | utils | announcement:920045 failed (3/3): '代码'
2026-08-12 13:06:38,261 | ERROR | pipeline | collector failed: 920045 announcement
Traceback (most recent call last):
  File "/opt/hostedtoolcache/Python/3.11.15/x64/lib/python3.11/site-packages/pandas/core/indexes/base.py", line 3641, in get_loc
    return self._engine.get_loc(casted_key)
           ^^^^^^^^^^^^^^^^^^^^^^^^^^^^^^^^
  File "pandas/_libs/index.pyx", line 168, in pandas._libs.index.IndexEngine.get_loc
  File "pandas/_libs/index.pyx", line 197, in pandas._libs.index.IndexEngine.get_loc
  File "pandas/_libs/hashtable_class_helper.pxi", line 7668, in pandas._libs.hashtable.PyObjectHashTable.get_item
  File "pandas/_libs/hashtable_class_helper.pxi", line 7676, in pandas._libs.hashtable.PyObjectHashTable.get_item
KeyError: '代码'

The above exception was the direct cause of the following exception:

Traceback (most recent call last):
  File "/home/runner/work/Repository-name-a-stock-radar/Repository-name-a-stock-radar/pipeline.py", line 47, in run_once
    items = fn()
            ^^^^
  File "/home/runner/work/Repository-name-a-stock-radar/Repository-name-a-stock-radar/pipeline.py", line 29, in <lambda>
    ("announcement", lambda: collect_announcements(stock, cutoff, cfg["timezone"])),
                             ^^^^^^^^^^^^^^^^^^^^^^^^^^^^^^^^^^^^^^^^^^^^^^^^^^^^^
  File "/home/runner/work/Repository-name-a-stock-radar/Repository-name-a-stock-radar/collectors/akshare_collectors.py", line 48, in collect_announcements
    df = safe_call(
         ^^^^^^^^^^
  File "/home/runner/work/Repository-name-a-stock-radar/Repository-name-a-stock-radar/utils.py", line 84, in safe_call
    raise last
  File "/home/runner/work/Repository-name-a-stock-radar/Repository-name-a-stock-radar/utils.py", line 78, in safe_call
    return fn(*args, **kwargs)
           ^^^^^^^^^^^^^^^^^^^
  File "/opt/hostedtoolcache/Python/3.11.15/x64/lib/python3.11/site-packages/akshare/stock_fundamental/stock_notice.py", line 168, in stock_individual_notice_report
    return _stock_notice_report(
           ^^^^^^^^^^^^^^^^^^^^^
  File "/opt/hostedtoolcache/Python/3.11.15/x64/lib/python3.11/site-packages/akshare/stock_fundamental/stock_notice.py", line 118, in _stock_notice_report
    big_df["网址"] = url + big_df["代码"] + "/" + big_df["编码"] + ".html"
                           ~~~~~~^^^^^^^^
  File "/opt/hostedtoolcache/Python/3.11.15/x64/lib/python3.11/site-packages/pandas/core/frame.py", line 4378, in __getitem__
    indexer = self.columns.get_loc(key)
              ^^^^^^^^^^^^^^^^^^^^^^^^^
  File "/opt/hostedtoolcache/Python/3.11.15/x64/lib/python3.11/site-packages/pandas/core/indexes/base.py", line 3648, in get_loc
    raise KeyError(key) from err
KeyError: '代码'
2026-08-12 13:06:40,207 | WARNING | utils | fund_flow:920045 failed (1/3): ('Connection aborted.', RemoteDisconnected('Remote end closed connection without response'))
2026-08-12 13:06:41,942 | WARNING | utils | fund_flow:920045 failed (2/3): ('Connection aborted.', RemoteDisconnected('Remote end closed connection without response'))
2026-08-12 13:06:44,872 | WARNING | utils | fund_flow:920045 failed (3/3): ('Connection aborted.', RemoteDisconnected('Remote end closed connection without response'))
2026-08-12 13:06:44,872 | ERROR | pipeline | collector failed: 920045 fund_flow
Traceback (most recent call last):
  File "/opt/hostedtoolcache/Python/3.11.15/x64/lib/python3.11/site-packages/urllib3/connectionpool.py", line 788, in urlopen
    response = self._make_request(
               ^^^^^^^^^^^^^^^^^^^
  File "/opt/hostedtoolcache/Python/3.11.15/x64/lib/python3.11/site-packages/urllib3/connectionpool.py", line 534, in _make_request
    response = conn.getresponse()
               ^^^^^^^^^^^^^^^^^^
  File "/opt/hostedtoolcache/Python/3.11.15/x64/lib/python3.11/site-packages/urllib3/connection.py", line 571, in getresponse
    httplib_response = super().getresponse()
                       ^^^^^^^^^^^^^^^^^^^^^
  File "/opt/hostedtoolcache/Python/3.11.15/x64/lib/python3.11/http/client.py", line 1415, in getresponse
    response.begin()
  File "/opt/hostedtoolcache/Python/3.11.15/x64/lib/python3.11/http/client.py", line 330, in begin
    version, status, reason = self._read_status()
                              ^^^^^^^^^^^^^^^^^^^
  File "/opt/hostedtoolcache/Python/3.11.15/x64/lib/python3.11/http/client.py", line 299, in _read_status
    raise RemoteDisconnected("Remote end closed connection without"
http.client.RemoteDisconnected: Remote end closed connection without response

During handling of the above exception, another exception occurred:

Traceback (most recent call last):
  File "/opt/hostedtoolcache/Python/3.11.15/x64/lib/python3.11/site-packages/requests/adapters.py", line 696, in send
    resp = conn.urlopen(
           ^^^^^^^^^^^^^
  File "/opt/hostedtoolcache/Python/3.11.15/x64/lib/python3.11/site-packages/urllib3/connectionpool.py", line 842, in urlopen
    retries = retries.increment(
              ^^^^^^^^^^^^^^^^^^
  File "/opt/hostedtoolcache/Python/3.11.15/x64/lib/python3.11/site-packages/urllib3/util/retry.py", line 498, in increment
    raise reraise(type(error), error, _stacktrace)
          ^^^^^^^^^^^^^^^^^^^^^^^^^^^^^^^^^^^^^^^^
  File "/opt/hostedtoolcache/Python/3.11.15/x64/lib/python3.11/site-packages/urllib3/util/util.py", line 38, in reraise
    raise value.with_traceback(tb)
  File "/opt/hostedtoolcache/Python/3.11.15/x64/lib/python3.11/site-packages/urllib3/connectionpool.py", line 788, in urlopen
    response = self._make_request(
               ^^^^^^^^^^^^^^^^^^^
  File "/opt/hostedtoolcache/Python/3.11.15/x64/lib/python3.11/site-packages/urllib3/connectionpool.py", line 534, in _make_request
    response = conn.getresponse()
               ^^^^^^^^^^^^^^^^^^
  File "/opt/hostedtoolcache/Python/3.11.15/x64/lib/python3.11/site-packages/urllib3/connection.py", line 571, in getresponse
    httplib_response = super().getresponse()
                       ^^^^^^^^^^^^^^^^^^^^^
  File "/opt/hostedtoolcache/Python/3.11.15/x64/lib/python3.11/http/client.py", line 1415, in getresponse
    response.begin()
  File "/opt/hostedtoolcache/Python/3.11.15/x64/lib/python3.11/http/client.py", line 330, in begin
    version, status, reason = self._read_status()
                              ^^^^^^^^^^^^^^^^^^^
  File "/opt/hostedtoolcache/Python/3.11.15/x64/lib/python3.11/http/client.py", line 299, in _read_status
    raise RemoteDisconnected("Remote end closed connection without"
urllib3.exceptions.ProtocolError: ('Connection aborted.', RemoteDisconnected('Remote end closed connection without response'))

During handling of the above exception, another exception occurred:

Traceback (most recent call last):
  File "/home/runner/work/Repository-name-a-stock-radar/Repository-name-a-stock-radar/pipeline.py", line 47, in run_once
    items = fn()
            ^^^^
  File "/home/runner/work/Repository-name-a-stock-radar/Repository-name-a-stock-radar/pipeline.py", line 32, in <lambda>
    collectors.append(("fund_flow", lambda: collect_eastmoney_fund_flow(stock, cutoff, cfg["timezone"])))
                                            ^^^^^^^^^^^^^^^^^^^^^^^^^^^^^^^^^^^^^^^^^^^^^^^^^^^^^^^^^^^
  File "/home/runner/work/Repository-name-a-stock-radar/Repository-name-a-stock-radar/collectors/akshare_collectors.py", line 79, in collect_eastmoney_fund_flow
    df = safe_call(
         ^^^^^^^^^^
  File "/home/runner/work/Repository-name-a-stock-radar/Repository-name-a-stock-radar/utils.py", line 84, in safe_call
    raise last
  File "/home/runner/work/Repository-name-a-stock-radar/Repository-name-a-stock-radar/utils.py", line 78, in safe_call
    return fn(*args, **kwargs)
           ^^^^^^^^^^^^^^^^^^^
  File "/opt/hostedtoolcache/Python/3.11.15/x64/lib/python3.11/site-packages/akshare/stock/stock_fund_em.py", line 48, in stock_individual_fund_flow
    r = requests.get(url, params=params, headers=headers)
        ^^^^^^^^^^^^^^^^^^^^^^^^^^^^^^^^^^^^^^^^^^^^^^^^^
  File "/opt/hostedtoolcache/Python/3.11.15/x64/lib/python3.11/site-packages/requests/api.py", line 87, in get
    return request("get", url, params=params, **kwargs)
           ^^^^^^^^^^^^^^^^^^^^^^^^^^^^^^^^^^^^^^^^^^^^
  File "/opt/hostedtoolcache/Python/3.11.15/x64/lib/python3.11/site-packages/requests/api.py", line 71, in request
    return session.request(method=method, url=url, **kwargs)
           ^^^^^^^^^^^^^^^^^^^^^^^^^^^^^^^^^^^^^^^^^^^^^^^^^
  File "/opt/hostedtoolcache/Python/3.11.15/x64/lib/python3.11/site-packages/requests/sessions.py", line 651, in request
    resp = self.send(prep, **send_kwargs)
           ^^^^^^^^^^^^^^^^^^^^^^^^^^^^^^
  File "/opt/hostedtoolcache/Python/3.11.15/x64/lib/python3.11/site-packages/requests/sessions.py", line 784, in send
    r = adapter.send(request, **kwargs)
        ^^^^^^^^^^^^^^^^^^^^^^^^^^^^^^^
  File "/opt/hostedtoolcache/Python/3.11.15/x64/lib/python3.11/site-packages/requests/adapters.py", line 711, in send
    raise ConnectionError(err, request=request)
requests.exceptions.ConnectionError: ('Connection aborted.', RemoteDisconnected('Remote end closed connection without response'))
2026-08-12 13:06:45,673 | INFO | pipeline | 920045 big_trade: 0 items
2026-08-12 13:06:46,474 | INFO | pipeline | 920045 ir: 0 items
2026-08-12 13:06:49,186 | INFO | collectors.bse_ir | No server-rendered BSE Q&A rows for 920045; leaving source empty
2026-08-12 13:06:49,187 | INFO | pipeline | 920045 bse_ir_fallback: 0 items
2026-08-12 13:06:51,429 | WARNING | utils | news:300394 failed (1/3): Invalid regular expression: invalid escape sequence: \u
2026-08-12 13:06:54,329 | WARNING | utils | news:300394 failed (2/3): Invalid regular expression: invalid escape sequence: \u
2026-08-12 13:06:57,709 | WARNING | utils | news:300394 failed (3/3): Invalid regular expression: invalid escape sequence: \u
2026-08-12 13:06:57,709 | ERROR | pipeline | collector failed: 300394 news
Traceback (most recent call last):
  File "/home/runner/work/Repository-name-a-stock-radar/Repository-name-a-stock-radar/pipeline.py", line 47, in run_once
    items = fn()
            ^^^^
  File "/home/runner/work/Repository-name-a-stock-radar/Repository-name-a-stock-radar/pipeline.py", line 28, in <lambda>
    ("news", lambda: collect_news(stock, cutoff, cfg["timezone"])),
                     ^^^^^^^^^^^^^^^^^^^^^^^^^^^^^^^^^^^^^^^^^^^^
  File "/home/runner/work/Repository-name-a-stock-radar/Repository-name-a-stock-radar/collectors/akshare_collectors.py", line 24, in collect_news
    df = safe_call(f"news:{stock.code}", ak.stock_news_em, symbol=stock.code)
         ^^^^^^^^^^^^^^^^^^^^^^^^^^^^^^^^^^^^^^^^^^^^^^^^^^^^^^^^^^^^^^^^^^^^
  File "/home/runner/work/Repository-name-a-stock-radar/Repository-name-a-stock-radar/utils.py", line 84, in safe_call
    raise last
  File "/home/runner/work/Repository-name-a-stock-radar/Repository-name-a-stock-radar/utils.py", line 78, in safe_call
    return fn(*args, **kwargs)
           ^^^^^^^^^^^^^^^^^^^
  File "/opt/hostedtoolcache/Python/3.11.15/x64/lib/python3.11/site-packages/akshare/news/news_stock.py", line 116, in stock_news_em
    temp_df["新闻内容"] = temp_df["新闻内容"].str.replace(r"\u3000", "", regex=True)
                          ^^^^^^^^^^^^^^^^^^^^^^^^^^^^^^^^^^^^^^^^^^^^^^^^^^^^^^^^^^
  File "/opt/hostedtoolcache/Python/3.11.15/x64/lib/python3.11/site-packages/pandas/core/strings/accessor.py", line 142, in wrapper
    return func(self, *args, **kwargs)
           ^^^^^^^^^^^^^^^^^^^^^^^^^^^
  File "/opt/hostedtoolcache/Python/3.11.15/x64/lib/python3.11/site-packages/pandas/core/strings/accessor.py", line 1814, in replace
    result = res_output.array._str_replace(
             ^^^^^^^^^^^^^^^^^^^^^^^^^^^^^^
  File "/opt/hostedtoolcache/Python/3.11.15/x64/lib/python3.11/site-packages/pandas/core/arrays/string_arrow.py", line 488, in _str_replace
    return ArrowStringArrayMixin._str_replace(
           ^^^^^^^^^^^^^^^^^^^^^^^^^^^^^^^^^^^
  File "/opt/hostedtoolcache/Python/3.11.15/x64/lib/python3.11/site-packages/pandas/core/arrays/_arrow_string_mixins.py", line 267, in _str_replace
    result = func(
             ^^^^^
  File "/opt/hostedtoolcache/Python/3.11.15/x64/lib/python3.11/site-packages/pyarrow/compute.py", line 271, in wrapper
    return func.call(args, options, memory_pool)
           ^^^^^^^^^^^^^^^^^^^^^^^^^^^^^^^^^^^^^
  File "pyarrow/_compute.pyx", line 399, in pyarrow._compute.Function.call
  File "pyarrow/error.pxi", line 155, in pyarrow.lib.pyarrow_internal_check_status
  File "pyarrow/error.pxi", line 92, in pyarrow.lib.check_status
pyarrow.lib.ArrowInvalid: Invalid regular expression: invalid escape sequence: \u
2026-08-12 13:06:59,325 | WARNING | utils | announcement:300394 failed (1/3): '代码'
2026-08-12 13:07:02,649 | WARNING | utils | announcement:300394 failed (2/3): '代码'
2026-08-12 13:07:06,192 | WARNING | utils | announcement:300394 failed (3/3): '代码'
2026-08-12 13:07:06,193 | ERROR | pipeline | collector failed: 300394 announcement
Traceback (most recent call last):
  File "/opt/hostedtoolcache/Python/3.11.15/x64/lib/python3.11/site-packages/pandas/core/indexes/base.py", line 3641, in get_loc
    return self._engine.get_loc(casted_key)
           ^^^^^^^^^^^^^^^^^^^^^^^^^^^^^^^^
  File "pandas/_libs/index.pyx", line 168, in pandas._libs.index.IndexEngine.get_loc
  File "pandas/_libs/index.pyx", line 197, in pandas._libs.index.IndexEngine.get_loc
  File "pandas/_libs/hashtable_class_helper.pxi", line 7668, in pandas._libs.hashtable.PyObjectHashTable.get_item
  File "pandas/_libs/hashtable_class_helper.pxi", line 7676, in pandas._libs.hashtable.PyObjectHashTable.get_item
KeyError: '代码'

The above exception was the direct cause of the following exception:

Traceback (most recent call last):
  File "/home/runner/work/Repository-name-a-stock-radar/Repository-name-a-stock-radar/pipeline.py", line 47, in run_once
    items = fn()
            ^^^^
  File "/home/runner/work/Repository-name-a-stock-radar/Repository-name-a-stock-radar/pipeline.py", line 29, in <lambda>
    ("announcement", lambda: collect_announcements(stock, cutoff, cfg["timezone"])),
                             ^^^^^^^^^^^^^^^^^^^^^^^^^^^^^^^^^^^^^^^^^^^^^^^^^^^^^
  File "/home/runner/work/Repository-name-a-stock-radar/Repository-name-a-stock-radar/collectors/akshare_collectors.py", line 48, in collect_announcements
    df = safe_call(
         ^^^^^^^^^^
  File "/home/runner/work/Repository-name-a-stock-radar/Repository-name-a-stock-radar/utils.py", line 84, in safe_call
    raise last
  File "/home/runner/work/Repository-name-a-stock-radar/Repository-name-a-stock-radar/utils.py", line 78, in safe_call
    return fn(*args, **kwargs)
           ^^^^^^^^^^^^^^^^^^^
  File "/opt/hostedtoolcache/Python/3.11.15/x64/lib/python3.11/site-packages/akshare/stock_fundamental/stock_notice.py", line 168, in stock_individual_notice_report
    return _stock_notice_report(
           ^^^^^^^^^^^^^^^^^^^^^
  File "/opt/hostedtoolcache/Python/3.11.15/x64/lib/python3.11/site-packages/akshare/stock_fundamental/stock_notice.py", line 118, in _stock_notice_report
    big_df["网址"] = url + big_df["代码"] + "/" + big_df["编码"] + ".html"
                           ~~~~~~^^^^^^^^
  File "/opt/hostedtoolcache/Python/3.11.15/x64/lib/python3.11/site-packages/pandas/core/frame.py", line 4378, in __getitem__
    indexer = self.columns.get_loc(key)
              ^^^^^^^^^^^^^^^^^^^^^^^^^
  File "/opt/hostedtoolcache/Python/3.11.15/x64/lib/python3.11/site-packages/pandas/core/indexes/base.py", line 3648, in get_loc
    raise KeyError(key) from err
KeyError: '代码'
2026-08-12 13:07:07,693 | WARNING | utils | fund_flow:300394 failed (1/3): ('Connection aborted.', RemoteDisconnected('Remote end closed connection without response'))
2026-08-12 13:07:09,592 | WARNING | utils | fund_flow:300394 failed (2/3): ('Connection aborted.', RemoteDisconnected('Remote end closed connection without response'))
2026-08-12 13:07:12,529 | WARNING | utils | fund_flow:300394 failed (3/3): ('Connection aborted.', RemoteDisconnected('Remote end closed connection without response'))
2026-08-12 13:07:12,529 | ERROR | pipeline | collector failed: 300394 fund_flow
Traceback (most recent call last):
  File "/opt/hostedtoolcache/Python/3.11.15/x64/lib/python3.11/site-packages/urllib3/connectionpool.py", line 788, in urlopen
    response = self._make_request(
               ^^^^^^^^^^^^^^^^^^^
  File "/opt/hostedtoolcache/Python/3.11.15/x64/lib/python3.11/site-packages/urllib3/connectionpool.py", line 534, in _make_request
    response = conn.getresponse()
               ^^^^^^^^^^^^^^^^^^
  File "/opt/hostedtoolcache/Python/3.11.15/x64/lib/python3.11/site-packages/urllib3/connection.py", line 571, in getresponse
    httplib_response = super().getresponse()
                       ^^^^^^^^^^^^^^^^^^^^^
  File "/opt/hostedtoolcache/Python/3.11.15/x64/lib/python3.11/http/client.py", line 1415, in getresponse
    response.begin()
  File "/opt/hostedtoolcache/Python/3.11.15/x64/lib/python3.11/http/client.py", line 330, in begin
    version, status, reason = self._read_status()
                              ^^^^^^^^^^^^^^^^^^^
  File "/opt/hostedtoolcache/Python/3.11.15/x64/lib/python3.11/http/client.py", line 299, in _read_status
    raise RemoteDisconnected("Remote end closed connection without"
http.client.RemoteDisconnected: Remote end closed connection without response

During handling of the above exception, another exception occurred:

Traceback (most recent call last):
  File "/opt/hostedtoolcache/Python/3.11.15/x64/lib/python3.11/site-packages/requests/adapters.py", line 696, in send
    resp = conn.urlopen(
           ^^^^^^^^^^^^^
  File "/opt/hostedtoolcache/Python/3.11.15/x64/lib/python3.11/site-packages/urllib3/connectionpool.py", line 842, in urlopen
    retries = retries.increment(
              ^^^^^^^^^^^^^^^^^^
  File "/opt/hostedtoolcache/Python/3.11.15/x64/lib/python3.11/site-packages/urllib3/util/retry.py", line 498, in increment
    raise reraise(type(error), error, _stacktrace)
          ^^^^^^^^^^^^^^^^^^^^^^^^^^^^^^^^^^^^^^^^
  File "/opt/hostedtoolcache/Python/3.11.15/x64/lib/python3.11/site-packages/urllib3/util/util.py", line 38, in reraise
    raise value.with_traceback(tb)
  File "/opt/hostedtoolcache/Python/3.11.15/x64/lib/python3.11/site-packages/urllib3/connectionpool.py", line 788, in urlopen
    response = self._make_request(
               ^^^^^^^^^^^^^^^^^^^
  File "/opt/hostedtoolcache/Python/3.11.15/x64/lib/python3.11/site-packages/urllib3/connectionpool.py", line 534, in _make_request
    response = conn.getresponse()
               ^^^^^^^^^^^^^^^^^^
  File "/opt/hostedtoolcache/Python/3.11.15/x64/lib/python3.11/site-packages/urllib3/connection.py", line 571, in getresponse
    httplib_response = super().getresponse()
                       ^^^^^^^^^^^^^^^^^^^^^
  File "/opt/hostedtoolcache/Python/3.11.15/x64/lib/python3.11/http/client.py", line 1415, in getresponse
    response.begin()
  File "/opt/hostedtoolcache/Python/3.11.15/x64/lib/python3.11/http/client.py", line 330, in begin
    version, status, reason = self._read_status()
                              ^^^^^^^^^^^^^^^^^^^
  File "/opt/hostedtoolcache/Python/3.11.15/x64/lib/python3.11/http/client.py", line 299, in _read_status
    raise RemoteDisconnected("Remote end closed connection without"
urllib3.exceptions.ProtocolError: ('Connection aborted.', RemoteDisconnected('Remote end closed connection without response'))

During handling of the above exception, another exception occurred:

Traceback (most recent call last):
  File "/home/runner/work/Repository-name-a-stock-radar/Repository-name-a-stock-radar/pipeline.py", line 47, in run_once
    items = fn()
            ^^^^
  File "/home/runner/work/Repository-name-a-stock-radar/Repository-name-a-stock-radar/pipeline.py", line 32, in <lambda>
    collectors.append(("fund_flow", lambda: collect_eastmoney_fund_flow(stock, cutoff, cfg["timezone"])))
                                            ^^^^^^^^^^^^^^^^^^^^^^^^^^^^^^^^^^^^^^^^^^^^^^^^^^^^^^^^^^^
  File "/home/runner/work/Repository-name-a-stock-radar/Repository-name-a-stock-radar/collectors/akshare_collectors.py", line 79, in collect_eastmoney_fund_flow
    df = safe_call(
         ^^^^^^^^^^
  File "/home/runner/work/Repository-name-a-stock-radar/Repository-name-a-stock-radar/utils.py", line 84, in safe_call
    raise last
  File "/home/runner/work/Repository-name-a-stock-radar/Repository-name-a-stock-radar/utils.py", line 78, in safe_call
    return fn(*args, **kwargs)
           ^^^^^^^^^^^^^^^^^^^
  File "/opt/hostedtoolcache/Python/3.11.15/x64/lib/python3.11/site-packages/akshare/stock/stock_fund_em.py", line 48, in stock_individual_fund_flow
    r = requests.get(url, params=params, headers=headers)
        ^^^^^^^^^^^^^^^^^^^^^^^^^^^^^^^^^^^^^^^^^^^^^^^^^
  File "/opt/hostedtoolcache/Python/3.11.15/x64/lib/python3.11/site-packages/requests/api.py", line 87, in get
    return request("get", url, params=params, **kwargs)
           ^^^^^^^^^^^^^^^^^^^^^^^^^^^^^^^^^^^^^^^^^^^^
  File "/opt/hostedtoolcache/Python/3.11.15/x64/lib/python3.11/site-packages/requests/api.py", line 71, in request
    return session.request(method=method, url=url, **kwargs)
           ^^^^^^^^^^^^^^^^^^^^^^^^^^^^^^^^^^^^^^^^^^^^^^^^^
  File "/opt/hostedtoolcache/Python/3.11.15/x64/lib/python3.11/site-packages/requests/sessions.py", line 651, in request
    resp = self.send(prep, **send_kwargs)
           ^^^^^^^^^^^^^^^^^^^^^^^^^^^^^^
  File "/opt/hostedtoolcache/Python/3.11.15/x64/lib/python3.11/site-packages/requests/sessions.py", line 784, in send
    r = adapter.send(request, **kwargs)
        ^^^^^^^^^^^^^^^^^^^^^^^^^^^^^^^
  File "/opt/hostedtoolcache/Python/3.11.15/x64/lib/python3.11/site-packages/requests/adapters.py", line 711, in send
    raise ConnectionError(err, request=request)
requests.exceptions.ConnectionError: ('Connection aborted.', RemoteDisconnected('Remote end closed connection without response'))
2026-08-12 13:07:50,063 | INFO | pipeline | 300394 big_trade: 0 items
2026-08-12 13:08:08,828 | INFO | pipeline | 300394 ir: 1 items
2026-08-12 13:08:12,950 | WARNING | utils | news:002384 failed (1/3): Invalid regular expression: invalid escape sequence: \u
2026-08-12 13:08:14,882 | WARNING | utils | news:002384 failed (2/3): Invalid regular expression: invalid escape sequence: \u
2026-08-12 13:08:19,007 | WARNING | utils | news:002384 failed (3/3): Invalid regular expression: invalid escape sequence: \u
2026-08-12 13:08:19,007 | ERROR | pipeline | collector failed: 002384 news
Traceback (most recent call last):
  File "/home/runner/work/Repository-name-a-stock-radar/Repository-name-a-stock-radar/pipeline.py", line 47, in run_once
    items = fn()
            ^^^^
  File "/home/runner/work/Repository-name-a-stock-radar/Repository-name-a-stock-radar/pipeline.py", line 28, in <lambda>
    ("news", lambda: collect_news(stock, cutoff, cfg["timezone"])),
                     ^^^^^^^^^^^^^^^^^^^^^^^^^^^^^^^^^^^^^^^^^^^^
  File "/home/runner/work/Repository-name-a-stock-radar/Repository-name-a-stock-radar/collectors/akshare_collectors.py", line 24, in collect_news
    df = safe_call(f"news:{stock.code}", ak.stock_news_em, symbol=stock.code)
         ^^^^^^^^^^^^^^^^^^^^^^^^^^^^^^^^^^^^^^^^^^^^^^^^^^^^^^^^^^^^^^^^^^^^
  File "/home/runner/work/Repository-name-a-stock-radar/Repository-name-a-stock-radar/utils.py", line 84, in safe_call
    raise last
  File "/home/runner/work/Repository-name-a-stock-radar/Repository-name-a-stock-radar/utils.py", line 78, in safe_call
    return fn(*args, **kwargs)
           ^^^^^^^^^^^^^^^^^^^
  File "/opt/hostedtoolcache/Python/3.11.15/x64/lib/python3.11/site-packages/akshare/news/news_stock.py", line 116, in stock_news_em
    temp_df["新闻内容"] = temp_df["新闻内容"].str.replace(r"\u3000", "", regex=True)
                          ^^^^^^^^^^^^^^^^^^^^^^^^^^^^^^^^^^^^^^^^^^^^^^^^^^^^^^^^^^
  File "/opt/hostedtoolcache/Python/3.11.15/x64/lib/python3.11/site-packages/pandas/core/strings/accessor.py", line 142, in wrapper
    return func(self, *args, **kwargs)
           ^^^^^^^^^^^^^^^^^^^^^^^^^^^
  File "/opt/hostedtoolcache/Python/3.11.15/x64/lib/python3.11/site-packages/pandas/core/strings/accessor.py", line 1814, in replace
    result = res_output.array._str_replace(
             ^^^^^^^^^^^^^^^^^^^^^^^^^^^^^^
  File "/opt/hostedtoolcache/Python/3.11.15/x64/lib/python3.11/site-packages/pandas/core/arrays/string_arrow.py", line 488, in _str_replace
    return ArrowStringArrayMixin._str_replace(
           ^^^^^^^^^^^^^^^^^^^^^^^^^^^^^^^^^^^
  File "/opt/hostedtoolcache/Python/3.11.15/x64/lib/python3.11/site-packages/pandas/core/arrays/_arrow_string_mixins.py", line 267, in _str_replace
    result = func(
             ^^^^^
  File "/opt/hostedtoolcache/Python/3.11.15/x64/lib/python3.11/site-packages/pyarrow/compute.py", line 271, in wrapper
    return func.call(args, options, memory_pool)
           ^^^^^^^^^^^^^^^^^^^^^^^^^^^^^^^^^^^^^
  File "pyarrow/_compute.pyx", line 399, in pyarrow._compute.Function.call
  File "pyarrow/error.pxi", line 155, in pyarrow.lib.pyarrow_internal_check_status
  File "pyarrow/error.pxi", line 92, in pyarrow.lib.check_status
pyarrow.lib.ArrowInvalid: Invalid regular expression: invalid escape sequence: \u
2026-08-12 13:08:21,358 | WARNING | utils | announcement:002384 failed (1/3): '代码'
2026-08-12 13:08:23,283 | WARNING | utils | announcement:002384 failed (2/3): '代码'
2026-08-12 13:08:26,427 | WARNING | utils | announcement:002384 failed (3/3): '代码'
2026-08-12 13:08:26,427 | ERROR | pipeline | collector failed: 002384 announcement
Traceback (most recent call last):
  File "/opt/hostedtoolcache/Python/3.11.15/x64/lib/python3.11/site-packages/pandas/core/indexes/base.py", line 3641, in get_loc
    return self._engine.get_loc(casted_key)
           ^^^^^^^^^^^^^^^^^^^^^^^^^^^^^^^^
  File "pandas/_libs/index.pyx", line 168, in pandas._libs.index.IndexEngine.get_loc
  File "pandas/_libs/index.pyx", line 197, in pandas._libs.index.IndexEngine.get_loc
  File "pandas/_libs/hashtable_class_helper.pxi", line 7668, in pandas._libs.hashtable.PyObjectHashTable.get_item
  File "pandas/_libs/hashtable_class_helper.pxi", line 7676, in pandas._libs.hashtable.PyObjectHashTable.get_item
KeyError: '代码'

The above exception was the direct cause of the following exception:

Traceback (most recent call last):
  File "/home/runner/work/Repository-name-a-stock-radar/Repository-name-a-stock-radar/pipeline.py", line 47, in run_once
    items = fn()
            ^^^^
  File "/home/runner/work/Repository-name-a-stock-radar/Repository-name-a-stock-radar/pipeline.py", line 29, in <lambda>
    ("announcement", lambda: collect_announcements(stock, cutoff, cfg["timezone"])),
                             ^^^^^^^^^^^^^^^^^^^^^^^^^^^^^^^^^^^^^^^^^^^^^^^^^^^^^
  File "/home/runner/work/Repository-name-a-stock-radar/Repository-name-a-stock-radar/collectors/akshare_collectors.py", line 48, in collect_announcements
    df = safe_call(
         ^^^^^^^^^^
  File "/home/runner/work/Repository-name-a-stock-radar/Repository-name-a-stock-radar/utils.py", line 84, in safe_call
    raise last
  File "/home/runner/work/Repository-name-a-stock-radar/Repository-name-a-stock-radar/utils.py", line 78, in safe_call
    return fn(*args, **kwargs)
           ^^^^^^^^^^^^^^^^^^^
  File "/opt/hostedtoolcache/Python/3.11.15/x64/lib/python3.11/site-packages/akshare/stock_fundamental/stock_notice.py", line 168, in stock_individual_notice_report
    return _stock_notice_report(
           ^^^^^^^^^^^^^^^^^^^^^
  File "/opt/hostedtoolcache/Python/3.11.15/x64/lib/python3.11/site-packages/akshare/stock_fundamental/stock_notice.py", line 118, in _stock_notice_report
    big_df["网址"] = url + big_df["代码"] + "/" + big_df["编码"] + ".html"
                           ~~~~~~^^^^^^^^
  File "/opt/hostedtoolcache/Python/3.11.15/x64/lib/python3.11/site-packages/pandas/core/frame.py", line 4378, in __getitem__
    indexer = self.columns.get_loc(key)
              ^^^^^^^^^^^^^^^^^^^^^^^^^
  File "/opt/hostedtoolcache/Python/3.11.15/x64/lib/python3.11/site-packages/pandas/core/indexes/base.py", line 3648, in get_loc
    raise KeyError(key) from err
KeyError: '代码'
2026-08-12 13:08:28,646 | WARNING | utils | fund_flow:002384 failed (1/3): ('Connection aborted.', RemoteDisconnected('Remote end closed connection without response'))
2026-08-12 13:08:32,368 | WARNING | utils | fund_flow:002384 failed (2/3): ('Connection aborted.', RemoteDisconnected('Remote end closed connection without response'))
2026-08-12 13:08:36,248 | WARNING | utils | fund_flow:002384 failed (3/3): ('Connection aborted.', RemoteDisconnected('Remote end closed connection without response'))
2026-08-12 13:08:36,248 | ERROR | pipeline | collector failed: 002384 fund_flow
Traceback (most recent call last):
  File "/opt/hostedtoolcache/Python/3.11.15/x64/lib/python3.11/site-packages/urllib3/connectionpool.py", line 788, in urlopen
    response = self._make_request(
               ^^^^^^^^^^^^^^^^^^^
  File "/opt/hostedtoolcache/Python/3.11.15/x64/lib/python3.11/site-packages/urllib3/connectionpool.py", line 534, in _make_request
    response = conn.getresponse()
               ^^^^^^^^^^^^^^^^^^
  File "/opt/hostedtoolcache/Python/3.11.15/x64/lib/python3.11/site-packages/urllib3/connection.py", line 571, in getresponse
    httplib_response = super().getresponse()
                       ^^^^^^^^^^^^^^^^^^^^^
  File "/opt/hostedtoolcache/Python/3.11.15/x64/lib/python3.11/http/client.py", line 1415, in getresponse
    response.begin()
  File "/opt/hostedtoolcache/Python/3.11.15/x64/lib/python3.11/http/client.py", line 330, in begin
    version, status, reason = self._read_status()
                              ^^^^^^^^^^^^^^^^^^^
  File "/opt/hostedtoolcache/Python/3.11.15/x64/lib/python3.11/http/client.py", line 299, in _read_status
    raise RemoteDisconnected("Remote end closed connection without"
http.client.RemoteDisconnected: Remote end closed connection without response

During handling of the above exception, another exception occurred:

Traceback (most recent call last):
  File "/opt/hostedtoolcache/Python/3.11.15/x64/lib/python3.11/site-packages/requests/adapters.py", line 696, in send
    resp = conn.urlopen(
           ^^^^^^^^^^^^^
  File "/opt/hostedtoolcache/Python/3.11.15/x64/lib/python3.11/site-packages/urllib3/connectionpool.py", line 842, in urlopen
    retries = retries.increment(
              ^^^^^^^^^^^^^^^^^^
  File "/opt/hostedtoolcache/Python/3.11.15/x64/lib/python3.11/site-packages/urllib3/util/retry.py", line 498, in increment
    raise reraise(type(error), error, _stacktrace)
          ^^^^^^^^^^^^^^^^^^^^^^^^^^^^^^^^^^^^^^^^
  File "/opt/hostedtoolcache/Python/3.11.15/x64/lib/python3.11/site-packages/urllib3/util/util.py", line 38, in reraise
    raise value.with_traceback(tb)
  File "/opt/hostedtoolcache/Python/3.11.15/x64/lib/python3.11/site-packages/urllib3/connectionpool.py", line 788, in urlopen
    response = self._make_request(
               ^^^^^^^^^^^^^^^^^^^
  File "/opt/hostedtoolcache/Python/3.11.15/x64/lib/python3.11/site-packages/urllib3/connectionpool.py", line 534, in _make_request
    response = conn.getresponse()
               ^^^^^^^^^^^^^^^^^^
  File "/opt/hostedtoolcache/Python/3.11.15/x64/lib/python3.11/site-packages/urllib3/connection.py", line 571, in getresponse
    httplib_response = super().getresponse()
                       ^^^^^^^^^^^^^^^^^^^^^
  File "/opt/hostedtoolcache/Python/3.11.15/x64/lib/python3.11/http/client.py", line 1415, in getresponse
    response.begin()
  File "/opt/hostedtoolcache/Python/3.11.15/x64/lib/python3.11/http/client.py", line 330, in begin
    version, status, reason = self._read_status()
                              ^^^^^^^^^^^^^^^^^^^
  File "/opt/hostedtoolcache/Python/3.11.15/x64/lib/python3.11/http/client.py", line 299, in _read_status
    raise RemoteDisconnected("Remote end closed connection without"
urllib3.exceptions.ProtocolError: ('Connection aborted.', RemoteDisconnected('Remote end closed connection without response'))

During handling of the above exception, another exception occurred:

Traceback (most recent call last):
  File "/home/runner/work/Repository-name-a-stock-radar/Repository-name-a-stock-radar/pipeline.py", line 47, in run_once
    items = fn()
            ^^^^
  File "/home/runner/work/Repository-name-a-stock-radar/Repository-name-a-stock-radar/pipeline.py", line 32, in <lambda>
    collectors.append(("fund_flow", lambda: collect_eastmoney_fund_flow(stock, cutoff, cfg["timezone"])))
                                            ^^^^^^^^^^^^^^^^^^^^^^^^^^^^^^^^^^^^^^^^^^^^^^^^^^^^^^^^^^^
  File "/home/runner/work/Repository-name-a-stock-radar/Repository-name-a-stock-radar/collectors/akshare_collectors.py", line 79, in collect_eastmoney_fund_flow
    df = safe_call(
         ^^^^^^^^^^
  File "/home/runner/work/Repository-name-a-stock-radar/Repository-name-a-stock-radar/utils.py", line 84, in safe_call
    raise last
  File "/home/runner/work/Repository-name-a-stock-radar/Repository-name-a-stock-radar/utils.py", line 78, in safe_call
    return fn(*args, **kwargs)
           ^^^^^^^^^^^^^^^^^^^
  File "/opt/hostedtoolcache/Python/3.11.15/x64/lib/python3.11/site-packages/akshare/stock/stock_fund_em.py", line 48, in stock_individual_fund_flow
    r = requests.get(url, params=params, headers=headers)
        ^^^^^^^^^^^^^^^^^^^^^^^^^^^^^^^^^^^^^^^^^^^^^^^^^
  File "/opt/hostedtoolcache/Python/3.11.15/x64/lib/python3.11/site-packages/requests/api.py", line 87, in get
    return request("get", url, params=params, **kwargs)
           ^^^^^^^^^^^^^^^^^^^^^^^^^^^^^^^^^^^^^^^^^^^^
  File "/opt/hostedtoolcache/Python/3.11.15/x64/lib/python3.11/site-packages/requests/api.py", line 71, in request
    return session.request(method=method, url=url, **kwargs)
           ^^^^^^^^^^^^^^^^^^^^^^^^^^^^^^^^^^^^^^^^^^^^^^^^^
  File "/opt/hostedtoolcache/Python/3.11.15/x64/lib/python3.11/site-packages/requests/sessions.py", line 651, in request
    resp = self.send(prep, **send_kwargs)
           ^^^^^^^^^^^^^^^^^^^^^^^^^^^^^^
  File "/opt/hostedtoolcache/Python/3.11.15/x64/lib/python3.11/site-packages/requests/sessions.py", line 784, in send
    r = adapter.send(request, **kwargs)
        ^^^^^^^^^^^^^^^^^^^^^^^^^^^^^^^
  File "/opt/hostedtoolcache/Python/3.11.15/x64/lib/python3.11/site-packages/requests/adapters.py", line 711, in send
    raise ConnectionError(err, request=request)
requests.exceptions.ConnectionError: ('Connection aborted.', RemoteDisconnected('Remote end closed connection without response'))
2026-08-12 13:09:16,495 | INFO | pipeline | 002384 big_trade: 0 items
2026-08-12 13:09:23,571 | INFO | pipeline | 002384 ir: 1 items
2026-08-12 13:09:25,102 | WARNING | utils | news:300502 failed (1/3): Invalid regular expression: invalid escape sequence: \u
2026-08-12 13:09:27,043 | WARNING | utils | news:300502 failed (2/3): Invalid regular expression: invalid escape sequence: \u
2026-08-12 13:09:30,139 | WARNING | utils | news:300502 failed (3/3): Invalid regular expression: invalid escape sequence: \u
2026-08-12 13:09:30,139 | ERROR | pipeline | collector failed: 300502 news
Traceback (most recent call last):
  File "/home/runner/work/Repository-name-a-stock-radar/Repository-name-a-stock-radar/pipeline.py", line 47, in run_once
    items = fn()
            ^^^^
  File "/home/runner/work/Repository-name-a-stock-radar/Repository-name-a-stock-radar/pipeline.py", line 28, in <lambda>
    ("news", lambda: collect_news(stock, cutoff, cfg["timezone"])),
                     ^^^^^^^^^^^^^^^^^^^^^^^^^^^^^^^^^^^^^^^^^^^^
  File "/home/runner/work/Repository-name-a-stock-radar/Repository-name-a-stock-radar/collectors/akshare_collectors.py", line 24, in collect_news
    df = safe_call(f"news:{stock.code}", ak.stock_news_em, symbol=stock.code)
         ^^^^^^^^^^^^^^^^^^^^^^^^^^^^^^^^^^^^^^^^^^^^^^^^^^^^^^^^^^^^^^^^^^^^
  File "/home/runner/work/Repository-name-a-stock-radar/Repository-name-a-stock-radar/utils.py", line 84, in safe_call
    raise last
  File "/home/runner/work/Repository-name-a-stock-radar/Repository-name-a-stock-radar/utils.py", line 78, in safe_call
    return fn(*args, **kwargs)
           ^^^^^^^^^^^^^^^^^^^
  File "/opt/hostedtoolcache/Python/3.11.15/x64/lib/python3.11/site-packages/akshare/news/news_stock.py", line 116, in stock_news_em
    temp_df["新闻内容"] = temp_df["新闻内容"].str.replace(r"\u3000", "", regex=True)
                          ^^^^^^^^^^^^^^^^^^^^^^^^^^^^^^^^^^^^^^^^^^^^^^^^^^^^^^^^^^
  File "/opt/hostedtoolcache/Python/3.11.15/x64/lib/python3.11/site-packages/pandas/core/strings/accessor.py", line 142, in wrapper
    return func(self, *args, **kwargs)
           ^^^^^^^^^^^^^^^^^^^^^^^^^^^
  File "/opt/hostedtoolcache/Python/3.11.15/x64/lib/python3.11/site-packages/pandas/core/strings/accessor.py", line 1814, in replace
    result = res_output.array._str_replace(
             ^^^^^^^^^^^^^^^^^^^^^^^^^^^^^^
  File "/opt/hostedtoolcache/Python/3.11.15/x64/lib/python3.11/site-packages/pandas/core/arrays/string_arrow.py", line 488, in _str_replace
    return ArrowStringArrayMixin._str_replace(
           ^^^^^^^^^^^^^^^^^^^^^^^^^^^^^^^^^^^
  File "/opt/hostedtoolcache/Python/3.11.15/x64/lib/python3.11/site-packages/pandas/core/arrays/_arrow_string_mixins.py", line 267, in _str_replace
    result = func(
             ^^^^^
  File "/opt/hostedtoolcache/Python/3.11.15/x64/lib/python3.11/site-packages/pyarrow/compute.py", line 271, in wrapper
    return func.call(args, options, memory_pool)
           ^^^^^^^^^^^^^^^^^^^^^^^^^^^^^^^^^^^^^
  File "pyarrow/_compute.pyx", line 399, in pyarrow._compute.Function.call
  File "pyarrow/error.pxi", line 155, in pyarrow.lib.pyarrow_internal_check_status
  File "pyarrow/error.pxi", line 92, in pyarrow.lib.check_status
pyarrow.lib.ArrowInvalid: Invalid regular expression: invalid escape sequence: \u
2026-08-12 13:09:31,968 | WARNING | utils | announcement:300502 failed (1/3): '代码'
2026-08-12 13:09:33,922 | WARNING | utils | announcement:300502 failed (2/3): '代码'
2026-08-12 13:09:37,013 | WARNING | utils | announcement:300502 failed (3/3): '代码'
2026-08-12 13:09:37,013 | ERROR | pipeline | collector failed: 300502 announcement
Traceback (most recent call last):
  File "/opt/hostedtoolcache/Python/3.11.15/x64/lib/python3.11/site-packages/pandas/core/indexes/base.py", line 3641, in get_loc
    return self._engine.get_loc(casted_key)
           ^^^^^^^^^^^^^^^^^^^^^^^^^^^^^^^^
  File "pandas/_libs/index.pyx", line 168, in pandas._libs.index.IndexEngine.get_loc
  File "pandas/_libs/index.pyx", line 197, in pandas._libs.index.IndexEngine.get_loc
  File "pandas/_libs/hashtable_class_helper.pxi", line 7668, in pandas._libs.hashtable.PyObjectHashTable.get_item
  File "pandas/_libs/hashtable_class_helper.pxi", line 7676, in pandas._libs.hashtable.PyObjectHashTable.get_item
KeyError: '代码'

The above exception was the direct cause of the following exception:

Traceback (most recent call last):
  File "/home/runner/work/Repository-name-a-stock-radar/Repository-name-a-stock-radar/pipeline.py", line 47, in run_once
    items = fn()
            ^^^^
  File "/home/runner/work/Repository-name-a-stock-radar/Repository-name-a-stock-radar/pipeline.py", line 29, in <lambda>
    ("announcement", lambda: collect_announcements(stock, cutoff, cfg["timezone"])),
                             ^^^^^^^^^^^^^^^^^^^^^^^^^^^^^^^^^^^^^^^^^^^^^^^^^^^^^
  File "/home/runner/work/Repository-name-a-stock-radar/Repository-name-a-stock-radar/collectors/akshare_collectors.py", line 48, in collect_announcements
    df = safe_call(
         ^^^^^^^^^^
  File "/home/runner/work/Repository-name-a-stock-radar/Repository-name-a-stock-radar/utils.py", line 84, in safe_call
    raise last
  File "/home/runner/work/Repository-name-a-stock-radar/Repository-name-a-stock-radar/utils.py", line 78, in safe_call
    return fn(*args, **kwargs)
           ^^^^^^^^^^^^^^^^^^^
  File "/opt/hostedtoolcache/Python/3.11.15/x64/lib/python3.11/site-packages/akshare/stock_fundamental/stock_notice.py", line 168, in stock_individual_notice_report
    return _stock_notice_report(
           ^^^^^^^^^^^^^^^^^^^^^
  File "/opt/hostedtoolcache/Python/3.11.15/x64/lib/python3.11/site-packages/akshare/stock_fundamental/stock_notice.py", line 118, in _stock_notice_report
    big_df["网址"] = url + big_df["代码"] + "/" + big_df["编码"] + ".html"
                           ~~~~~~^^^^^^^^
  File "/opt/hostedtoolcache/Python/3.11.15/x64/lib/python3.11/site-packages/pandas/core/frame.py", line 4378, in __getitem__
    indexer = self.columns.get_loc(key)
              ^^^^^^^^^^^^^^^^^^^^^^^^^
  File "/opt/hostedtoolcache/Python/3.11.15/x64/lib/python3.11/site-packages/pandas/core/indexes/base.py", line 3648, in get_loc
    raise KeyError(key) from err
KeyError: '代码'
2026-08-12 13:09:39,221 | INFO | pipeline | 300502 fund_flow: 1 items
2026-08-12 13:10:16,340 | INFO | pipeline | 300502 big_trade: 0 items
2026-08-12 13:10:45,196 | INFO | pipeline | 300502 ir: 0 items
2026-08-12 13:10:47,674 | WARNING | utils | news:300750 failed (1/3): Invalid regular expression: invalid escape sequence: \u
2026-08-12 13:10:49,591 | WARNING | utils | news:300750 failed (2/3): Invalid regular expression: invalid escape sequence: \u
2026-08-12 13:10:53,707 | WARNING | utils | news:300750 failed (3/3): Invalid regular expression: invalid escape sequence: \u
2026-08-12 13:10:53,707 | ERROR | pipeline | collector failed: 300750 news
Traceback (most recent call last):
  File "/home/runner/work/Repository-name-a-stock-radar/Repository-name-a-stock-radar/pipeline.py", line 47, in run_once
    items = fn()
            ^^^^
  File "/home/runner/work/Repository-name-a-stock-radar/Repository-name-a-stock-radar/pipeline.py", line 28, in <lambda>
    ("news", lambda: collect_news(stock, cutoff, cfg["timezone"])),
                     ^^^^^^^^^^^^^^^^^^^^^^^^^^^^^^^^^^^^^^^^^^^^
  File "/home/runner/work/Repository-name-a-stock-radar/Repository-name-a-stock-radar/collectors/akshare_collectors.py", line 24, in collect_news
    df = safe_call(f"news:{stock.code}", ak.stock_news_em, symbol=stock.code)
         ^^^^^^^^^^^^^^^^^^^^^^^^^^^^^^^^^^^^^^^^^^^^^^^^^^^^^^^^^^^^^^^^^^^^
  File "/home/runner/work/Repository-name-a-stock-radar/Repository-name-a-stock-radar/utils.py", line 84, in safe_call
    raise last
  File "/home/runner/work/Repository-name-a-stock-radar/Repository-name-a-stock-radar/utils.py", line 78, in safe_call
    return fn(*args, **kwargs)
           ^^^^^^^^^^^^^^^^^^^
  File "/opt/hostedtoolcache/Python/3.11.15/x64/lib/python3.11/site-packages/akshare/news/news_stock.py", line 116, in stock_news_em
    temp_df["新闻内容"] = temp_df["新闻内容"].str.replace(r"\u3000", "", regex=True)
                          ^^^^^^^^^^^^^^^^^^^^^^^^^^^^^^^^^^^^^^^^^^^^^^^^^^^^^^^^^^
  File "/opt/hostedtoolcache/Python/3.11.15/x64/lib/python3.11/site-packages/pandas/core/strings/accessor.py", line 142, in wrapper
    return func(self, *args, **kwargs)
           ^^^^^^^^^^^^^^^^^^^^^^^^^^^
  File "/opt/hostedtoolcache/Python/3.11.15/x64/lib/python3.11/site-packages/pandas/core/strings/accessor.py", line 1814, in replace
    result = res_output.array._str_replace(
             ^^^^^^^^^^^^^^^^^^^^^^^^^^^^^^
  File "/opt/hostedtoolcache/Python/3.11.15/x64/lib/python3.11/site-packages/pandas/core/arrays/string_arrow.py", line 488, in _str_replace
    return ArrowStringArrayMixin._str_replace(
           ^^^^^^^^^^^^^^^^^^^^^^^^^^^^^^^^^^^
  File "/opt/hostedtoolcache/Python/3.11.15/x64/lib/python3.11/site-packages/pandas/core/arrays/_arrow_string_mixins.py", line 267, in _str_replace
    result = func(
             ^^^^^
  File "/opt/hostedtoolcache/Python/3.11.15/x64/lib/python3.11/site-packages/pyarrow/compute.py", line 271, in wrapper
    return func.call(args, options, memory_pool)
           ^^^^^^^^^^^^^^^^^^^^^^^^^^^^^^^^^^^^^
  File "pyarrow/_compute.pyx", line 399, in pyarrow._compute.Function.call
  File "pyarrow/error.pxi", line 155, in pyarrow.lib.pyarrow_internal_check_status
  File "pyarrow/error.pxi", line 92, in pyarrow.lib.check_status
pyarrow.lib.ArrowInvalid: Invalid regular expression: invalid escape sequence: \u
2026-08-12 13:10:55,323 | WARNING | utils | announcement:300750 failed (1/3): '代码'
2026-08-12 13:10:57,344 | WARNING | utils | announcement:300750 failed (2/3): '代码'
2026-08-12 13:11:00,409 | WARNING | utils | announcement:300750 failed (3/3): '代码'
2026-08-12 13:11:00,409 | ERROR | pipeline | collector failed: 300750 announcement
Traceback (most recent call last):
  File "/opt/hostedtoolcache/Python/3.11.15/x64/lib/python3.11/site-packages/pandas/core/indexes/base.py", line 3641, in get_loc
    return self._engine.get_loc(casted_key)
           ^^^^^^^^^^^^^^^^^^^^^^^^^^^^^^^^
  File "pandas/_libs/index.pyx", line 168, in pandas._libs.index.IndexEngine.get_loc
  File "pandas/_libs/index.pyx", line 197, in pandas._libs.index.IndexEngine.get_loc
  File "pandas/_libs/hashtable_class_helper.pxi", line 7668, in pandas._libs.hashtable.PyObjectHashTable.get_item
  File "pandas/_libs/hashtable_class_helper.pxi", line 7676, in pandas._libs.hashtable.PyObjectHashTable.get_item
KeyError: '代码'

The above exception was the direct cause of the following exception:

Traceback (most recent call last):
  File "/home/runner/work/Repository-name-a-stock-radar/Repository-name-a-stock-radar/pipeline.py", line 47, in run_once
    items = fn()
            ^^^^
  File "/home/runner/work/Repository-name-a-stock-radar/Repository-name-a-stock-radar/pipeline.py", line 29, in <lambda>
    ("announcement", lambda: collect_announcements(stock, cutoff, cfg["timezone"])),
                             ^^^^^^^^^^^^^^^^^^^^^^^^^^^^^^^^^^^^^^^^^^^^^^^^^^^^^
  File "/home/runner/work/Repository-name-a-stock-radar/Repository-name-a-stock-radar/collectors/akshare_collectors.py", line 48, in collect_announcements
    df = safe_call(
         ^^^^^^^^^^
  File "/home/runner/work/Repository-name-a-stock-radar/Repository-name-a-stock-radar/utils.py", line 84, in safe_call
    raise last
  File "/home/runner/work/Repository-name-a-stock-radar/Repository-name-a-stock-radar/utils.py", line 78, in safe_call
    return fn(*args, **kwargs)
           ^^^^^^^^^^^^^^^^^^^
  File "/opt/hostedtoolcache/Python/3.11.15/x64/lib/python3.11/site-packages/akshare/stock_fundamental/stock_notice.py", line 168, in stock_individual_notice_report
    return _stock_notice_report(
           ^^^^^^^^^^^^^^^^^^^^^
  File "/opt/hostedtoolcache/Python/3.11.15/x64/lib/python3.11/site-packages/akshare/stock_fundamental/stock_notice.py", line 118, in _stock_notice_report
    big_df["网址"] = url + big_df["代码"] + "/" + big_df["编码"] + ".html"
                           ~~~~~~^^^^^^^^
  File "/opt/hostedtoolcache/Python/3.11.15/x64/lib/python3.11/site-packages/pandas/core/frame.py", line 4378, in __getitem__
    indexer = self.columns.get_loc(key)
              ^^^^^^^^^^^^^^^^^^^^^^^^^
  File "/opt/hostedtoolcache/Python/3.11.15/x64/lib/python3.11/site-packages/pandas/core/indexes/base.py", line 3648, in get_loc
    raise KeyError(key) from err
KeyError: '代码'
2026-08-12 13:11:03,095 | WARNING | utils | fund_flow:300750 failed (1/3): ('Connection aborted.', RemoteDisconnected('Remote end closed connection without response'))
2026-08-12 13:11:05,943 | WARNING | utils | fund_flow:300750 failed (2/3): ('Connection aborted.', RemoteDisconnected('Remote end closed connection without response'))
2026-08-12 13:11:09,353 | WARNING | utils | fund_flow:300750 failed (3/3): ('Connection aborted.', RemoteDisconnected('Remote end closed connection without response'))
2026-08-12 13:11:09,353 | ERROR | pipeline | collector failed: 300750 fund_flow
Traceback (most recent call last):
  File "/opt/hostedtoolcache/Python/3.11.15/x64/lib/python3.11/site-packages/urllib3/connectionpool.py", line 788, in urlopen
    response = self._make_request(
               ^^^^^^^^^^^^^^^^^^^
  File "/opt/hostedtoolcache/Python/3.11.15/x64/lib/python3.11/site-packages/urllib3/connectionpool.py", line 534, in _make_request
    response = conn.getresponse()
               ^^^^^^^^^^^^^^^^^^
  File "/opt/hostedtoolcache/Python/3.11.15/x64/lib/python3.11/site-packages/urllib3/connection.py", line 571, in getresponse
    httplib_response = super().getresponse()
                       ^^^^^^^^^^^^^^^^^^^^^
  File "/opt/hostedtoolcache/Python/3.11.15/x64/lib/python3.11/http/client.py", line 1415, in getresponse
    response.begin()
  File "/opt/hostedtoolcache/Python/3.11.15/x64/lib/python3.11/http/client.py", line 330, in begin
    version, status, reason = self._read_status()
                              ^^^^^^^^^^^^^^^^^^^
  File "/opt/hostedtoolcache/Python/3.11.15/x64/lib/python3.11/http/client.py", line 299, in _read_status
    raise RemoteDisconnected("Remote end closed connection without"
http.client.RemoteDisconnected: Remote end closed connection without response

During handling of the above exception, another exception occurred:

Traceback (most recent call last):
  File "/opt/hostedtoolcache/Python/3.11.15/x64/lib/python3.11/site-packages/requests/adapters.py", line 696, in send
    resp = conn.urlopen(
           ^^^^^^^^^^^^^
  File "/opt/hostedtoolcache/Python/3.11.15/x64/lib/python3.11/site-packages/urllib3/connectionpool.py", line 842, in urlopen
    retries = retries.increment(
              ^^^^^^^^^^^^^^^^^^
  File "/opt/hostedtoolcache/Python/3.11.15/x64/lib/python3.11/site-packages/urllib3/util/retry.py", line 498, in increment
    raise reraise(type(error), error, _stacktrace)
          ^^^^^^^^^^^^^^^^^^^^^^^^^^^^^^^^^^^^^^^^
  File "/opt/hostedtoolcache/Python/3.11.15/x64/lib/python3.11/site-packages/urllib3/util/util.py", line 38, in reraise
    raise value.with_traceback(tb)
  File "/opt/hostedtoolcache/Python/3.11.15/x64/lib/python3.11/site-packages/urllib3/connectionpool.py", line 788, in urlopen
    response = self._make_request(
               ^^^^^^^^^^^^^^^^^^^
  File "/opt/hostedtoolcache/Python/3.11.15/x64/lib/python3.11/site-packages/urllib3/connectionpool.py", line 534, in _make_request
    response = conn.getresponse()
               ^^^^^^^^^^^^^^^^^^
  File "/opt/hostedtoolcache/Python/3.11.15/x64/lib/python3.11/site-packages/urllib3/connection.py", line 571, in getresponse
    httplib_response = super().getresponse()
                       ^^^^^^^^^^^^^^^^^^^^^
  File "/opt/hostedtoolcache/Python/3.11.15/x64/lib/python3.11/http/client.py", line 1415, in getresponse
    response.begin()
  File "/opt/hostedtoolcache/Python/3.11.15/x64/lib/python3.11/http/client.py", line 330, in begin
    version, status, reason = self._read_status()
                              ^^^^^^^^^^^^^^^^^^^
  File "/opt/hostedtoolcache/Python/3.11.15/x64/lib/python3.11/http/client.py", line 299, in _read_status
    raise RemoteDisconnected("Remote end closed connection without"
urllib3.exceptions.ProtocolError: ('Connection aborted.', RemoteDisconnected('Remote end closed connection without response'))

During handling of the above exception, another exception occurred:

Traceback (most recent call last):
  File "/home/runner/work/Repository-name-a-stock-radar/Repository-name-a-stock-radar/pipeline.py", line 47, in run_once
    items = fn()
            ^^^^
  File "/home/runner/work/Repository-name-a-stock-radar/Repository-name-a-stock-radar/pipeline.py", line 32, in <lambda>
    collectors.append(("fund_flow", lambda: collect_eastmoney_fund_flow(stock, cutoff, cfg["timezone"])))
                                            ^^^^^^^^^^^^^^^^^^^^^^^^^^^^^^^^^^^^^^^^^^^^^^^^^^^^^^^^^^^
  File "/home/runner/work/Repository-name-a-stock-radar/Repository-name-a-stock-radar/collectors/akshare_collectors.py", line 79, in collect_eastmoney_fund_flow
    df = safe_call(
         ^^^^^^^^^^
  File "/home/runner/work/Repository-name-a-stock-radar/Repository-name-a-stock-radar/utils.py", line 84, in safe_call
    raise last
  File "/home/runner/work/Repository-name-a-stock-radar/Repository-name-a-stock-radar/utils.py", line 78, in safe_call
    return fn(*args, **kwargs)
           ^^^^^^^^^^^^^^^^^^^
  File "/opt/hostedtoolcache/Python/3.11.15/x64/lib/python3.11/site-packages/akshare/stock/stock_fund_em.py", line 48, in stock_individual_fund_flow
    r = requests.get(url, params=params, headers=headers)
        ^^^^^^^^^^^^^^^^^^^^^^^^^^^^^^^^^^^^^^^^^^^^^^^^^
  File "/opt/hostedtoolcache/Python/3.11.15/x64/lib/python3.11/site-packages/requests/api.py", line 87, in get
    return request("get", url, params=params, **kwargs)
           ^^^^^^^^^^^^^^^^^^^^^^^^^^^^^^^^^^^^^^^^^^^^
  File "/opt/hostedtoolcache/Python/3.11.15/x64/lib/python3.11/site-packages/requests/api.py", line 71, in request
    return session.request(method=method, url=url, **kwargs)
           ^^^^^^^^^^^^^^^^^^^^^^^^^^^^^^^^^^^^^^^^^^^^^^^^^
  File "/opt/hostedtoolcache/Python/3.11.15/x64/lib/python3.11/site-packages/requests/sessions.py", line 651, in request
    resp = self.send(prep, **send_kwargs)
           ^^^^^^^^^^^^^^^^^^^^^^^^^^^^^^
  File "/opt/hostedtoolcache/Python/3.11.15/x64/lib/python3.11/site-packages/requests/sessions.py", line 784, in send
    r = adapter.send(request, **kwargs)
        ^^^^^^^^^^^^^^^^^^^^^^^^^^^^^^^
  File "/opt/hostedtoolcache/Python/3.11.15/x64/lib/python3.11/site-packages/requests/adapters.py", line 711, in send
    raise ConnectionError(err, request=request)
requests.exceptions.ConnectionError: ('Connection aborted.', RemoteDisconnected('Remote end closed connection without response'))
2026-08-12 13:11:47,733 | INFO | pipeline | 300750 big_trade: 0 items
2026-08-12 13:12:00,624 | INFO | pipeline | 300750 ir: 0 items
2026-08-12 13:12:03,192 | WARNING | utils | news:301488 failed (1/3): Invalid regular expression: invalid escape sequence: \u
2026-08-12 13:12:06,181 | WARNING | utils | news:301488 failed (2/3): Invalid regular expression: invalid escape sequence: \u
2026-08-12 13:12:10,930 | WARNING | utils | news:301488 failed (3/3): Invalid regular expression: invalid escape sequence: \u
2026-08-12 13:12:10,931 | ERROR | pipeline | collector failed: 301488 news
Traceback (most recent call last):
  File "/home/runner/work/Repository-name-a-stock-radar/Repository-name-a-stock-radar/pipeline.py", line 47, in run_once
    items = fn()
            ^^^^
  File "/home/runner/work/Repository-name-a-stock-radar/Repository-name-a-stock-radar/pipeline.py", line 28, in <lambda>
    ("news", lambda: collect_news(stock, cutoff, cfg["timezone"])),
                     ^^^^^^^^^^^^^^^^^^^^^^^^^^^^^^^^^^^^^^^^^^^^
  File "/home/runner/work/Repository-name-a-stock-radar/Repository-name-a-stock-radar/collectors/akshare_collectors.py", line 24, in collect_news
    df = safe_call(f"news:{stock.code}", ak.stock_news_em, symbol=stock.code)
         ^^^^^^^^^^^^^^^^^^^^^^^^^^^^^^^^^^^^^^^^^^^^^^^^^^^^^^^^^^^^^^^^^^^^
  File "/home/runner/work/Repository-name-a-stock-radar/Repository-name-a-stock-radar/utils.py", line 84, in safe_call
    raise last
  File "/home/runner/work/Repository-name-a-stock-radar/Repository-name-a-stock-radar/utils.py", line 78, in safe_call
    return fn(*args, **kwargs)
           ^^^^^^^^^^^^^^^^^^^
  File "/opt/hostedtoolcache/Python/3.11.15/x64/lib/python3.11/site-packages/akshare/news/news_stock.py", line 116, in stock_news_em
    temp_df["新闻内容"] = temp_df["新闻内容"].str.replace(r"\u3000", "", regex=True)
                          ^^^^^^^^^^^^^^^^^^^^^^^^^^^^^^^^^^^^^^^^^^^^^^^^^^^^^^^^^^
  File "/opt/hostedtoolcache/Python/3.11.15/x64/lib/python3.11/site-packages/pandas/core/strings/accessor.py", line 142, in wrapper
    return func(self, *args, **kwargs)
           ^^^^^^^^^^^^^^^^^^^^^^^^^^^
  File "/opt/hostedtoolcache/Python/3.11.15/x64/lib/python3.11/site-packages/pandas/core/strings/accessor.py", line 1814, in replace
    result = res_output.array._str_replace(
             ^^^^^^^^^^^^^^^^^^^^^^^^^^^^^^
  File "/opt/hostedtoolcache/Python/3.11.15/x64/lib/python3.11/site-packages/pandas/core/arrays/string_arrow.py", line 488, in _str_replace
    return ArrowStringArrayMixin._str_replace(
           ^^^^^^^^^^^^^^^^^^^^^^^^^^^^^^^^^^^
  File "/opt/hostedtoolcache/Python/3.11.15/x64/lib/python3.11/site-packages/pandas/core/arrays/_arrow_string_mixins.py", line 267, in _str_replace
    result = func(
             ^^^^^
  File "/opt/hostedtoolcache/Python/3.11.15/x64/lib/python3.11/site-packages/pyarrow/compute.py", line 271, in wrapper
    return func.call(args, options, memory_pool)
           ^^^^^^^^^^^^^^^^^^^^^^^^^^^^^^^^^^^^^
  File "pyarrow/_compute.pyx", line 399, in pyarrow._compute.Function.call
  File "pyarrow/error.pxi", line 155, in pyarrow.lib.pyarrow_internal_check_status
  File "pyarrow/error.pxi", line 92, in pyarrow.lib.check_status
pyarrow.lib.ArrowInvalid: Invalid regular expression: invalid escape sequence: \u
2026-08-12 13:12:13,899 | WARNING | utils | announcement:301488 failed (1/3): '代码'
2026-08-12 13:12:15,928 | WARNING | utils | announcement:301488 failed (2/3): '代码'
2026-08-12 13:12:18,965 | WARNING | utils | announcement:301488 failed (3/3): '代码'
2026-08-12 13:12:18,965 | ERROR | pipeline | collector failed: 301488 announcement
Traceback (most recent call last):
  File "/opt/hostedtoolcache/Python/3.11.15/x64/lib/python3.11/site-packages/pandas/core/indexes/base.py", line 3641, in get_loc
    return self._engine.get_loc(casted_key)
           ^^^^^^^^^^^^^^^^^^^^^^^^^^^^^^^^
  File "pandas/_libs/index.pyx", line 168, in pandas._libs.index.IndexEngine.get_loc
  File "pandas/_libs/index.pyx", line 197, in pandas._libs.index.IndexEngine.get_loc
  File "pandas/_libs/hashtable_class_helper.pxi", line 7668, in pandas._libs.hashtable.PyObjectHashTable.get_item
  File "pandas/_libs/hashtable_class_helper.pxi", line 7676, in pandas._libs.hashtable.PyObjectHashTable.get_item
KeyError: '代码'

The above exception was the direct cause of the following exception:

Traceback (most recent call last):
  File "/home/runner/work/Repository-name-a-stock-radar/Repository-name-a-stock-radar/pipeline.py", line 47, in run_once
    items = fn()
            ^^^^
  File "/home/runner/work/Repository-name-a-stock-radar/Repository-name-a-stock-radar/pipeline.py", line 29, in <lambda>
    ("announcement", lambda: collect_announcements(stock, cutoff, cfg["timezone"])),
                             ^^^^^^^^^^^^^^^^^^^^^^^^^^^^^^^^^^^^^^^^^^^^^^^^^^^^^
  File "/home/runner/work/Repository-name-a-stock-radar/Repository-name-a-stock-radar/collectors/akshare_collectors.py", line 48, in collect_announcements
    df = safe_call(
         ^^^^^^^^^^
  File "/home/runner/work/Repository-name-a-stock-radar/Repository-name-a-stock-radar/utils.py", line 84, in safe_call
    raise last
  File "/home/runner/work/Repository-name-a-stock-radar/Repository-name-a-stock-radar/utils.py", line 78, in safe_call
    return fn(*args, **kwargs)
           ^^^^^^^^^^^^^^^^^^^
  File "/opt/hostedtoolcache/Python/3.11.15/x64/lib/python3.11/site-packages/akshare/stock_fundamental/stock_notice.py", line 168, in stock_individual_notice_report
    return _stock_notice_report(
           ^^^^^^^^^^^^^^^^^^^^^
  File "/opt/hostedtoolcache/Python/3.11.15/x64/lib/python3.11/site-packages/akshare/stock_fundamental/stock_notice.py", line 118, in _stock_notice_report
    big_df["网址"] = url + big_df["代码"] + "/" + big_df["编码"] + ".html"
                           ~~~~~~^^^^^^^^
  File "/opt/hostedtoolcache/Python/3.11.15/x64/lib/python3.11/site-packages/pandas/core/frame.py", line 4378, in __getitem__
    indexer = self.columns.get_loc(key)
              ^^^^^^^^^^^^^^^^^^^^^^^^^
  File "/opt/hostedtoolcache/Python/3.11.15/x64/lib/python3.11/site-packages/pandas/core/indexes/base.py", line 3648, in get_loc
    raise KeyError(key) from err
KeyError: '代码'
2026-08-12 13:12:26,412 | WARNING | utils | fund_flow:301488 failed (1/3): ('Connection aborted.', RemoteDisconnected('Remote end closed connection without response'))
2026-08-12 13:12:31,380 | WARNING | utils | fund_flow:301488 failed (2/3): ('Connection aborted.', RemoteDisconnected('Remote end closed connection without response'))
2026-08-12 13:12:35,604 | WARNING | utils | fund_flow:301488 failed (3/3): ('Connection aborted.', RemoteDisconnected('Remote end closed connection without response'))
2026-08-12 13:12:35,604 | ERROR | pipeline | collector failed: 301488 fund_flow
Traceback (most recent call last):
  File "/opt/hostedtoolcache/Python/3.11.15/x64/lib/python3.11/site-packages/urllib3/connectionpool.py", line 788, in urlopen
    response = self._make_request(
               ^^^^^^^^^^^^^^^^^^^
  File "/opt/hostedtoolcache/Python/3.11.15/x64/lib/python3.11/site-packages/urllib3/connectionpool.py", line 534, in _make_request
    response = conn.getresponse()
               ^^^^^^^^^^^^^^^^^^
  File "/opt/hostedtoolcache/Python/3.11.15/x64/lib/python3.11/site-packages/urllib3/connection.py", line 571, in getresponse
    httplib_response = super().getresponse()
                       ^^^^^^^^^^^^^^^^^^^^^
  File "/opt/hostedtoolcache/Python/3.11.15/x64/lib/python3.11/http/client.py", line 1415, in getresponse
    response.begin()
  File "/opt/hostedtoolcache/Python/3.11.15/x64/lib/python3.11/http/client.py", line 330, in begin
    version, status, reason = self._read_status()
                              ^^^^^^^^^^^^^^^^^^^
  File "/opt/hostedtoolcache/Python/3.11.15/x64/lib/python3.11/http/client.py", line 299, in _read_status
    raise RemoteDisconnected("Remote end closed connection without"
http.client.RemoteDisconnected: Remote end closed connection without response

During handling of the above exception, another exception occurred:

Traceback (most recent call last):
  File "/opt/hostedtoolcache/Python/3.11.15/x64/lib/python3.11/site-packages/requests/adapters.py", line 696, in send
    resp = conn.urlopen(
           ^^^^^^^^^^^^^
  File "/opt/hostedtoolcache/Python/3.11.15/x64/lib/python3.11/site-packages/urllib3/connectionpool.py", line 842, in urlopen
    retries = retries.increment(
              ^^^^^^^^^^^^^^^^^^
  File "/opt/hostedtoolcache/Python/3.11.15/x64/lib/python3.11/site-packages/urllib3/util/retry.py", line 498, in increment
    raise reraise(type(error), error, _stacktrace)
          ^^^^^^^^^^^^^^^^^^^^^^^^^^^^^^^^^^^^^^^^
  File "/opt/hostedtoolcache/Python/3.11.15/x64/lib/python3.11/site-packages/urllib3/util/util.py", line 38, in reraise
    raise value.with_traceback(tb)
  File "/opt/hostedtoolcache/Python/3.11.15/x64/lib/python3.11/site-packages/urllib3/connectionpool.py", line 788, in urlopen
    response = self._make_request(
               ^^^^^^^^^^^^^^^^^^^
  File "/opt/hostedtoolcache/Python/3.11.15/x64/lib/python3.11/site-packages/urllib3/connectionpool.py", line 534, in _make_request
    response = conn.getresponse()
               ^^^^^^^^^^^^^^^^^^
  File "/opt/hostedtoolcache/Python/3.11.15/x64/lib/python3.11/site-packages/urllib3/connection.py", line 571, in getresponse
    httplib_response = super().getresponse()
                       ^^^^^^^^^^^^^^^^^^^^^
  File "/opt/hostedtoolcache/Python/3.11.15/x64/lib/python3.11/http/client.py", line 1415, in getresponse
    response.begin()
  File "/opt/hostedtoolcache/Python/3.11.15/x64/lib/python3.11/http/client.py", line 330, in begin
    version, status, reason = self._read_status()
                              ^^^^^^^^^^^^^^^^^^^
  File "/opt/hostedtoolcache/Python/3.11.15/x64/lib/python3.11/http/client.py", line 299, in _read_status
    raise RemoteDisconnected("Remote end closed connection without"
urllib3.exceptions.ProtocolError: ('Connection aborted.', RemoteDisconnected('Remote end closed connection without response'))

During handling of the above exception, another exception occurred:

Traceback (most recent call last):
  File "/home/runner/work/Repository-name-a-stock-radar/Repository-name-a-stock-radar/pipeline.py", line 47, in run_once
    items = fn()
            ^^^^
  File "/home/runner/work/Repository-name-a-stock-radar/Repository-name-a-stock-radar/pipeline.py", line 32, in <lambda>
    collectors.append(("fund_flow", lambda: collect_eastmoney_fund_flow(stock, cutoff, cfg["timezone"])))
                                            ^^^^^^^^^^^^^^^^^^^^^^^^^^^^^^^^^^^^^^^^^^^^^^^^^^^^^^^^^^^
  File "/home/runner/work/Repository-name-a-stock-radar/Repository-name-a-stock-radar/collectors/akshare_collectors.py", line 79, in collect_eastmoney_fund_flow
    df = safe_call(
         ^^^^^^^^^^
  File "/home/runner/work/Repository-name-a-stock-radar/Repository-name-a-stock-radar/utils.py", line 84, in safe_call
    raise last
  File "/home/runner/work/Repository-name-a-stock-radar/Repository-name-a-stock-radar/utils.py", line 78, in safe_call
    return fn(*args, **kwargs)
           ^^^^^^^^^^^^^^^^^^^
  File "/opt/hostedtoolcache/Python/3.11.15/x64/lib/python3.11/site-packages/akshare/stock/stock_fund_em.py", line 48, in stock_individual_fund_flow
    r = requests.get(url, params=params, headers=headers)
        ^^^^^^^^^^^^^^^^^^^^^^^^^^^^^^^^^^^^^^^^^^^^^^^^^
  File "/opt/hostedtoolcache/Python/3.11.15/x64/lib/python3.11/site-packages/requests/api.py", line 87, in get
    return request("get", url, params=params, **kwargs)
           ^^^^^^^^^^^^^^^^^^^^^^^^^^^^^^^^^^^^^^^^^^^^
  File "/opt/hostedtoolcache/Python/3.11.15/x64/lib/python3.11/site-packages/requests/api.py", line 71, in request
    return session.request(method=method, url=url, **kwargs)
           ^^^^^^^^^^^^^^^^^^^^^^^^^^^^^^^^^^^^^^^^^^^^^^^^^
  File "/opt/hostedtoolcache/Python/3.11.15/x64/lib/python3.11/site-packages/requests/sessions.py", line 651, in request
    resp = self.send(prep, **send_kwargs)
           ^^^^^^^^^^^^^^^^^^^^^^^^^^^^^^
  File "/opt/hostedtoolcache/Python/3.11.15/x64/lib/python3.11/site-packages/requests/sessions.py", line 784, in send
    r = adapter.send(request, **kwargs)
        ^^^^^^^^^^^^^^^^^^^^^^^^^^^^^^^
  File "/opt/hostedtoolcache/Python/3.11.15/x64/lib/python3.11/site-packages/requests/adapters.py", line 711, in send
    raise ConnectionError(err, request=request)
requests.exceptions.ConnectionError: ('Connection aborted.', RemoteDisconnected('Remote end closed connection without response'))
2026-08-12 13:12:54,266 | INFO | pipeline | 301488 big_trade: 0 items
2026-08-12 13:13:09,654 | INFO | pipeline | 301488 ir: 0 items
2026-08-12 13:13:11,183 | WARNING | utils | news:603986 failed (1/3): Invalid regular expression: invalid escape sequence: \u
2026-08-12 13:13:13,447 | WARNING | utils | news:603986 failed (2/3): Invalid regular expression: invalid escape sequence: \u
2026-08-12 13:13:17,082 | WARNING | utils | news:603986 failed (3/3): Invalid regular expression: invalid escape sequence: \u
2026-08-12 13:13:17,082 | ERROR | pipeline | collector failed: 603986 news
Traceback (most recent call last):
  File "/home/runner/work/Repository-name-a-stock-radar/Repository-name-a-stock-radar/pipeline.py", line 47, in run_once
    items = fn()
            ^^^^
  File "/home/runner/work/Repository-name-a-stock-radar/Repository-name-a-stock-radar/pipeline.py", line 28, in <lambda>
    ("news", lambda: collect_news(stock, cutoff, cfg["timezone"])),
                     ^^^^^^^^^^^^^^^^^^^^^^^^^^^^^^^^^^^^^^^^^^^^
  File "/home/runner/work/Repository-name-a-stock-radar/Repository-name-a-stock-radar/collectors/akshare_collectors.py", line 24, in collect_news
    df = safe_call(f"news:{stock.code}", ak.stock_news_em, symbol=stock.code)
         ^^^^^^^^^^^^^^^^^^^^^^^^^^^^^^^^^^^^^^^^^^^^^^^^^^^^^^^^^^^^^^^^^^^^
  File "/home/runner/work/Repository-name-a-stock-radar/Repository-name-a-stock-radar/utils.py", line 84, in safe_call
    raise last
  File "/home/runner/work/Repository-name-a-stock-radar/Repository-name-a-stock-radar/utils.py", line 78, in safe_call
    return fn(*args, **kwargs)
           ^^^^^^^^^^^^^^^^^^^
  File "/opt/hostedtoolcache/Python/3.11.15/x64/lib/python3.11/site-packages/akshare/news/news_stock.py", line 116, in stock_news_em
    temp_df["新闻内容"] = temp_df["新闻内容"].str.replace(r"\u3000", "", regex=True)
                          ^^^^^^^^^^^^^^^^^^^^^^^^^^^^^^^^^^^^^^^^^^^^^^^^^^^^^^^^^^
  File "/opt/hostedtoolcache/Python/3.11.15/x64/lib/python3.11/site-packages/pandas/core/strings/accessor.py", line 142, in wrapper
    return func(self, *args, **kwargs)
           ^^^^^^^^^^^^^^^^^^^^^^^^^^^
  File "/opt/hostedtoolcache/Python/3.11.15/x64/lib/python3.11/site-packages/pandas/core/strings/accessor.py", line 1814, in replace
    result = res_output.array._str_replace(
             ^^^^^^^^^^^^^^^^^^^^^^^^^^^^^^
  File "/opt/hostedtoolcache/Python/3.11.15/x64/lib/python3.11/site-packages/pandas/core/arrays/string_arrow.py", line 488, in _str_replace
    return ArrowStringArrayMixin._str_replace(
           ^^^^^^^^^^^^^^^^^^^^^^^^^^^^^^^^^^^
  File "/opt/hostedtoolcache/Python/3.11.15/x64/lib/python3.11/site-packages/pandas/core/arrays/_arrow_string_mixins.py", line 267, in _str_replace
    result = func(
             ^^^^^
  File "/opt/hostedtoolcache/Python/3.11.15/x64/lib/python3.11/site-packages/pyarrow/compute.py", line 271, in wrapper
    return func.call(args, options, memory_pool)
           ^^^^^^^^^^^^^^^^^^^^^^^^^^^^^^^^^^^^^
  File "pyarrow/_compute.pyx", line 399, in pyarrow._compute.Function.call
  File "pyarrow/error.pxi", line 155, in pyarrow.lib.pyarrow_internal_check_status
  File "pyarrow/error.pxi", line 92, in pyarrow.lib.check_status
pyarrow.lib.ArrowInvalid: Invalid regular expression: invalid escape sequence: \u
2026-08-12 13:13:20,181 | INFO | pipeline | 603986 announcement: 1 items
2026-08-12 13:13:22,030 | WARNING | utils | fund_flow:603986 failed (1/3): ('Connection aborted.', RemoteDisconnected('Remote end closed connection without response'))
2026-08-12 13:13:23,759 | WARNING | utils | fund_flow:603986 failed (2/3): ('Connection aborted.', RemoteDisconnected('Remote end closed connection without response'))
2026-08-12 13:13:26,702 | WARNING | utils | fund_flow:603986 failed (3/3): ('Connection aborted.', RemoteDisconnected('Remote end closed connection without response'))
2026-08-12 13:13:26,702 | ERROR | pipeline | collector failed: 603986 fund_flow
Traceback (most recent call last):
  File "/opt/hostedtoolcache/Python/3.11.15/x64/lib/python3.11/site-packages/urllib3/connectionpool.py", line 788, in urlopen
    response = self._make_request(
               ^^^^^^^^^^^^^^^^^^^
  File "/opt/hostedtoolcache/Python/3.11.15/x64/lib/python3.11/site-packages/urllib3/connectionpool.py", line 534, in _make_request
    response = conn.getresponse()
               ^^^^^^^^^^^^^^^^^^
  File "/opt/hostedtoolcache/Python/3.11.15/x64/lib/python3.11/site-packages/urllib3/connection.py", line 571, in getresponse
    httplib_response = super().getresponse()
                       ^^^^^^^^^^^^^^^^^^^^^
  File "/opt/hostedtoolcache/Python/3.11.15/x64/lib/python3.11/http/client.py", line 1415, in getresponse
    response.begin()
  File "/opt/hostedtoolcache/Python/3.11.15/x64/lib/python3.11/http/client.py", line 330, in begin
    version, status, reason = self._read_status()
                              ^^^^^^^^^^^^^^^^^^^
  File "/opt/hostedtoolcache/Python/3.11.15/x64/lib/python3.11/http/client.py", line 299, in _read_status
    raise RemoteDisconnected("Remote end closed connection without"
http.client.RemoteDisconnected: Remote end closed connection without response

During handling of the above exception, another exception occurred:

Traceback (most recent call last):
  File "/opt/hostedtoolcache/Python/3.11.15/x64/lib/python3.11/site-packages/requests/adapters.py", line 696, in send
    resp = conn.urlopen(
           ^^^^^^^^^^^^^
  File "/opt/hostedtoolcache/Python/3.11.15/x64/lib/python3.11/site-packages/urllib3/connectionpool.py", line 842, in urlopen
    retries = retries.increment(
              ^^^^^^^^^^^^^^^^^^
  File "/opt/hostedtoolcache/Python/3.11.15/x64/lib/python3.11/site-packages/urllib3/util/retry.py", line 498, in increment
    raise reraise(type(error), error, _stacktrace)
          ^^^^^^^^^^^^^^^^^^^^^^^^^^^^^^^^^^^^^^^^
  File "/opt/hostedtoolcache/Python/3.11.15/x64/lib/python3.11/site-packages/urllib3/util/util.py", line 38, in reraise
    raise value.with_traceback(tb)
  File "/opt/hostedtoolcache/Python/3.11.15/x64/lib/python3.11/site-packages/urllib3/connectionpool.py", line 788, in urlopen
    response = self._make_request(
               ^^^^^^^^^^^^^^^^^^^
  File "/opt/hostedtoolcache/Python/3.11.15/x64/lib/python3.11/site-packages/urllib3/connectionpool.py", line 534, in _make_request
    response = conn.getresponse()
               ^^^^^^^^^^^^^^^^^^
  File "/opt/hostedtoolcache/Python/3.11.15/x64/lib/python3.11/site-packages/urllib3/connection.py", line 571, in getresponse
    httplib_response = super().getresponse()
                       ^^^^^^^^^^^^^^^^^^^^^
  File "/opt/hostedtoolcache/Python/3.11.15/x64/lib/python3.11/http/client.py", line 1415, in getresponse
    response.begin()
  File "/opt/hostedtoolcache/Python/3.11.15/x64/lib/python3.11/http/client.py", line 330, in begin
    version, status, reason = self._read_status()
                              ^^^^^^^^^^^^^^^^^^^
  File "/opt/hostedtoolcache/Python/3.11.15/x64/lib/python3.11/http/client.py", line 299, in _read_status
    raise RemoteDisconnected("Remote end closed connection without"
urllib3.exceptions.ProtocolError: ('Connection aborted.', RemoteDisconnected('Remote end closed connection without response'))

During handling of the above exception, another exception occurred:

Traceback (most recent call last):
  File "/home/runner/work/Repository-name-a-stock-radar/Repository-name-a-stock-radar/pipeline.py", line 47, in run_once
    items = fn()
            ^^^^
  File "/home/runner/work/Repository-name-a-stock-radar/Repository-name-a-stock-radar/pipeline.py", line 32, in <lambda>
    collectors.append(("fund_flow", lambda: collect_eastmoney_fund_flow(stock, cutoff, cfg["timezone"])))
                                            ^^^^^^^^^^^^^^^^^^^^^^^^^^^^^^^^^^^^^^^^^^^^^^^^^^^^^^^^^^^
  File "/home/runner/work/Repository-name-a-stock-radar/Repository-name-a-stock-radar/collectors/akshare_collectors.py", line 79, in collect_eastmoney_fund_flow
    df = safe_call(
         ^^^^^^^^^^
  File "/home/runner/work/Repository-name-a-stock-radar/Repository-name-a-stock-radar/utils.py", line 84, in safe_call
    raise last
  File "/home/runner/work/Repository-name-a-stock-radar/Repository-name-a-stock-radar/utils.py", line 78, in safe_call
    return fn(*args, **kwargs)
           ^^^^^^^^^^^^^^^^^^^
  File "/opt/hostedtoolcache/Python/3.11.15/x64/lib/python3.11/site-packages/akshare/stock/stock_fund_em.py", line 48, in stock_individual_fund_flow
    r = requests.get(url, params=params, headers=headers)
        ^^^^^^^^^^^^^^^^^^^^^^^^^^^^^^^^^^^^^^^^^^^^^^^^^
  File "/opt/hostedtoolcache/Python/3.11.15/x64/lib/python3.11/site-packages/requests/api.py", line 87, in get
    return request("get", url, params=params, **kwargs)
           ^^^^^^^^^^^^^^^^^^^^^^^^^^^^^^^^^^^^^^^^^^^^
  File "/opt/hostedtoolcache/Python/3.11.15/x64/lib/python3.11/site-packages/requests/api.py", line 71, in request
    return session.request(method=method, url=url, **kwargs)
           ^^^^^^^^^^^^^^^^^^^^^^^^^^^^^^^^^^^^^^^^^^^^^^^^^
  File "/opt/hostedtoolcache/Python/3.11.15/x64/lib/python3.11/site-packages/requests/sessions.py", line 651, in request
    resp = self.send(prep, **send_kwargs)
           ^^^^^^^^^^^^^^^^^^^^^^^^^^^^^^
  File "/opt/hostedtoolcache/Python/3.11.15/x64/lib/python3.11/site-packages/requests/sessions.py", line 784, in send
    r = adapter.send(request, **kwargs)
        ^^^^^^^^^^^^^^^^^^^^^^^^^^^^^^^
  File "/opt/hostedtoolcache/Python/3.11.15/x64/lib/python3.11/site-packages/requests/adapters.py", line 711, in send
    raise ConnectionError(err, request=request)
requests.exceptions.ConnectionError: ('Connection aborted.', RemoteDisconnected('Remote end closed connection without response'))
2026-08-12 13:14:04,518 | INFO | pipeline | 603986 big_trade: 0 items
2026-08-12 13:14:11,618 | INFO | pipeline | 603986 ir: 0 items
